"cname","ffp_hr","ffp_sl","fh_fog","fhp_score5","bti_cr","iiag_phr","fh_pr","bti_ds","bti_rol","iiag_srol","fhn_fotnsc","bti_pdi","bti_ij","sgi_so","bti_pp","vdem_gender","bti_cdi","rsf_pfi","ht_regtype","bti_mes","cspf_sfi","vdem_corr","wbgi_gee","gd_ptsa","bti_aar","hf_prights","bti_ffe","bti_sop","sgi_qdep","bti_wr","bti_eo","gpi_gpi","ess_happy","wvs_imprel","van_index","wbgi_pve","bti_su","bti_ps","bti_foe","ciri_polpris","vdem_mecorrpt","ess_trpolice","bti_ssn","iiag_ns","ccode","country","leader","year","month","elected","age","male","militarycareer","tenure_months","government","anticipation","ref_ant","leg_ant","exec_ant","irreg_lead_ant","election_now","election_recent","leg_recent","exec_recent","lead_recent","ref_recent","direct_recent","indirect_recent","victory_recent","defeat_recent","change_recent","nochange_recent","delayed","lastelection","loss","irregular","prev_conflict","pt_suc","pt_attempt","precip","couprisk","pctile_risk"
"Afghanistan",8.5,9.1,2,60,2,NULL,6,3.017,2.5,NULL,NULL,3,3,NULL,3.5,0.471,3,39.46,1,2.893,21,0.913,-1.226,5,4,12.6,3,3,NULL,2.5,3,3.519,NULL,NULL,11.293,-2.671,2.5,2,4,1,2.292,NULL,2,NULL,700,"Afghanistan","Ashraf Ghani",2020,9,1,71,1,0,73,"Presidential Democracy",0,0,0,0,0,0,0,0,0,0,0,0,0,0,0,0,0,0,2.5649493,4.3307332999999995,5.257495400000001,2,0,0,2.90972484647637,0.0005138016400000001,0.38993213
"Albania",4.8,5.7,7,51,8,NULL,3,7.05,5.25,NULL,NULL,6,5,NULL,7.5,0.815,8,29.92,100,6.607,2,0.762,0.013,2,9,35,7,4,NULL,6.5,6,1.92,NULL,NULL,33.964,0.345,5,6,7,2,2.168,NULL,7,NULL,339,"Albania","Rama",2020,9,1,56,1,0,85,"Parliamentary Democracy",0,0,0,0,0,0,0,0,0,0,0,0,0,0,0,0,0,0,3.6888794999999996,4.477337,5.572154,0,0,0,-0.370967505936408,0.00017819513,0.08921036
"Algeria",6.6,6.9,3,65,5,41.6,6,4.75,4.25,50.7,NULL,3,4,NULL,4.5,0.791,2,42.83,1,5.214,11,0.69,-0.531,3,5,25,5,4,NULL,5.5,5,2.188,NULL,3.882,12.315,-1.098,4.5,4,6,0,2.595,NULL,6,78.4,615,"Algeria","Tebboune",2020,9,1,75,1,0,10,"Provisional - Civilian",0,0,0,0,0,0,0,0,0,0,0,0,0,0,0,0,0,0,2.3025851000000004,2.3025851000000004,2.3025851000000004,1,0,0,-0.228470496455165,0.0012953563,0.66902125
"Andorra",NULL,NULL,12,15,NULL,NULL,1,NULL,NULL,NULL,NULL,NULL,NULL,NULL,NULL,NULL,NULL,21.03,NULL,NULL,NULL,NULL,1.861,NULL,NULL,NULL,NULL,NULL,NULL,NULL,NULL,NULL,NULL,NULL,12.978,1.413,NULL,NULL,NULL,2,NULL,NULL,NULL,NULL,232,"Andorra","Espot Zamora",2020,9,1,41,1,0,17,"Parliamentary Democracy",0,0,0,0,0,0,0,0,0,0,0,0,0,0,0,0,0,0,2.8903717999999996,4.7361984,5.8021183,0,0,0,0.3428222858368611,0.000030059788,0.012577131
"Angola",7.3,8.6,1,73,4,37.7,6,4.2,3,45,40,3,3,NULL,3,0.747,2,40.42,1,3.679,17,0.876,-1.036,2,3,15,3,3,NULL,3,4,2.007,NULL,NULL,6.228,-0.316,3,5,4,1,1.294,NULL,2,87,540,"Angola","Lourenco",2020,9,1,66,1,0,37,"Dominant Party",0,0,0,0,0,0,0,0,0,0,0,0,0,0,0,0,0,0,3.637586,6.291569,4.9767337,1,0,0,0.661224090759465,0.00081216916,0.53665847
"Antigua and Barbuda",4.4,5.4,8,34,NULL,NULL,2,NULL,NULL,NULL,NULL,NULL,NULL,NULL,NULL,NULL,NULL,20.81,100,NULL,NULL,NULL,0.265,NULL,NULL,NULL,NULL,NULL,NULL,NULL,NULL,NULL,NULL,NULL,20.579,0.879,NULL,NULL,NULL,2,NULL,NULL,NULL,NULL,58,"Antigua and Barbuda","Browne",2020,9,1,53,1,0,76,"Parliamentary Democracy",0,0,0,0,0,0,0,0,0,0,0,0,0,0,0,0,0,0,3.4339871,4.3307332999999995,6.1484685,0,0,0,-0.780774277444193,0.00018193528000000003,0.09261902400000001
"Argentina",4.1,4.8,8,46,7,NULL,2,8,7,NULL,27,7,7,NULL,9,0.878,8,25.07,100,6.536,2,0.461,0.162,2,10,15,9,7,NULL,6.5,7,2.012,NULL,2.633,38.513,0.205,6,7,9,2,2.955,NULL,6,NULL,160,"Argentina","Fernandez",2020,9,1,61,1,0,10,"Presidential Democracy",0,0,0,0,0,0,0,0,0,0,0,0,0,0,0,0,0,0,2.4849067000000002,2.4849067000000002,6.0958247000000005,0,0,0,0.456608821515656,0.0003520356299999999,0.27137855
"Armenia",7,7.6,4,63,5,NULL,5,5.117,4.5,NULL,32,3,4,NULL,4.25,0.817,3,30.38,1,6.036,6,0.855,-0.158,3,5,20,4,4,NULL,6,6,2.258,NULL,NULL,20.559,-0.662,5,5,5,1,1.774,NULL,6,NULL,371,"Armenia","Pashinyan",2020,9,1,45,1,0,29,"Parliamentary Democracy",0,0,0,0,0,0,0,0,0,0,0,0,0,0,0,0,0,0,3.0910425,3.0910425,3.0910425,0,0,0,-0.725302907797125,0.00022763533,0.13738334
"Australia",2.3,1,12,22,NULL,NULL,1,NULL,NULL,NULL,21,NULL,NULL,6.512,NULL,0.963,NULL,16.02,100,NULL,2,0.037,1.569,2,NULL,90,NULL,NULL,8.4,NULL,NULL,1.387,NULL,NULL,39.689,1.048,NULL,NULL,NULL,2,3.814,NULL,NULL,NULL,900,"Australia","Morrison",2020,9,1,52,1,0,26,"Parliamentary Democracy",0,0,0,0,0,0,0,0,0,0,0,0,0,0,0,0,0,0,2.8332132999999997,4.4426513,5.525453,1,0,0,-0.5885474731879711,0.00041116087,0.32010597
"Austria",1.2,1.4,10,22,NULL,NULL,1,NULL,NULL,NULL,NULL,NULL,NULL,6.357,NULL,0.955,NULL,13.47,100,NULL,0,0.046,1.512,1,NULL,90,NULL,NULL,7.2,NULL,NULL,1.292,7.616,NULL,44.219,0.91,NULL,NULL,NULL,2,3.722,7.075,NULL,NULL,305,"Austria","Kurz",2020,9,1,34,1,0,9,"Parliamentary Democracy",0,0,0,0,0,0,0,0,0,0,0,0,0,0,0,0,0,0,2.5649493,2.5649493,6.6592937,0,0,0,1.17635787033141,0.00014996545,0.06562696
"Azerbaijan",8.5,8.8,1,90,3,NULL,7,3.433,3,NULL,58,2,3,NULL,2.25,0.577,2,56.4,1,4.821,10,0.96,-0.166,3,3,20,2,2,NULL,5.5,6,2.457,NULL,NULL,9.979,-0.804,4.5,2,2,0,0.694,NULL,5,NULL,373,"Azerbaijan","Ilhma Aliyev",2020,9,1,59,1,0,204,"Personal Dictatorship",0,0,0,0,0,0,0,0,0,0,0,0,0,0,0,0,0,0,3.4011974,5.786897,4.934474,0,0,0,-0.5476672156090271,0.00021970922999999998,0.12856396
"Bahamas",3.6,3.8,10,23,NULL,NULL,1,NULL,NULL,NULL,NULL,NULL,NULL,NULL,NULL,NULL,NULL,NULL,100,NULL,NULL,NULL,0.72,2,NULL,70,NULL,NULL,NULL,NULL,NULL,NULL,NULL,NULL,27.946,0.975,NULL,NULL,NULL,2,NULL,NULL,NULL,NULL,31,"Bahamas","Hubert Minnis",2020,9,1,66,1,0,41,"Parliamentary Democracy",0,0,0,0,0,0,0,0,0,0,0,0,0,0,0,0,0,0,3.713572,3.713572,6.3421216,0,0,0,0.397556138127601,0.0002149936,0.12351256
"Bahrain",8.8,8.2,3,87,3,NULL,7,3.233,2.75,NULL,71,2,2,NULL,1.5,0.412,2,58.88,23,6,9,0.719,0.328,3,1,60,2,2,NULL,4.5,2,2.41,NULL,3.246,1.05,-0.793,5.5,2,2,1,0.494,NULL,7,NULL,692,"Bahrain","Hamad Isa Ibn Al-Khalifah",2020,9,0,70,1,0,259,"Monarchy",0,0,0,0,0,0,0,0,0,0,0,0,0,0,0,0,0,0,6.381816000000001,6.381816000000001,6.381816000000001,0,0,0,0.345939570064635,0.00036983998,0.28707686
"Bangladesh",7.4,7.8,5,62,4,NULL,4,4.617,3.75,NULL,54,3,4,NULL,4.25,0.721,3,48.36,1,5.607,12,0.844,-0.679,4,5,20,5,4,NULL,4,4,2.036,NULL,NULL,6.065,-1.262,4.5,6,4,0,2.838,NULL,4,NULL,771,"Bangladesh","Hasina Wazed",2020,9,1,73,0,0,141,"Parliamentary Democracy",0,0,0,0,0,0,0,0,0,0,0,0,0,0,0,0,0,0,3.0910425,4.955826999999999,5.6903596,1,0,0,1.0757786148111599,0.00053727103,0.40356678
"Barbados",2.9,2.5,12,19,NULL,NULL,1,NULL,NULL,NULL,NULL,NULL,NULL,NULL,NULL,0.905,NULL,NULL,100,NULL,NULL,0.107,1.082,NULL,NULL,80,NULL,NULL,NULL,NULL,NULL,NULL,NULL,NULL,25.84,0.977,NULL,NULL,NULL,2,3.675,NULL,NULL,NULL,53,"Barbados","Mia Mottley",2020,9,1,55,0,0,29,"Parliamentary Democracy",0,0,0,0,0,0,0,0,0,0,0,0,0,0,0,0,0,0,3.3672957,3.3672957,6.473891,0,0,0,-0.780774277444193,0.00021619047999999998,0.12470354
"Belarus",7.9,8.7,1,83,4,NULL,7,4.333,4,NULL,64,3,4,NULL,3,0.907,2,52.43,1,5.107,3,0.407,-0.478,2,3,20,3,3,NULL,6,6,2.106,NULL,NULL,10.562,0.142,5.5,3,3,1,0.358,NULL,6,NULL,370,"Belarus","Lukashenko",2020,9,1,66,1,1,315,"Personal Dictatorship",0,0,0,0,0,0,1,0,1,1,0,1,0,1,0,0,1,0,0.6931472,5.752572499999999,5.257495400000001,0,0,0,1.15138928976802,0.0001449217,0.06182815
"Belgium",1.5,1.4,12,12,NULL,NULL,1,NULL,NULL,NULL,NULL,NULL,NULL,6.25,NULL,0.942,NULL,12.75,100,NULL,2,0.023,1.326,1,NULL,80,NULL,NULL,7.4,NULL,NULL,1.536,7.727,NULL,47.719,0.441,NULL,NULL,NULL,2,3.88,6.362,NULL,NULL,211,"Belgium","Sophie Wilmes",2020,9,1,45,0,0,12,"Parliamentary Democracy",0,0,0,0,0,0,0,0,0,0,0,0,0,0,0,0,0,0,2.8332132999999997,4.3438053,7.0875735,0,0,0,-0.4926196921642271,0.00014735377,0.063645415
"Belize",4.7,5.2,10,27,NULL,NULL,1,NULL,NULL,NULL,NULL,NULL,NULL,NULL,NULL,NULL,NULL,23.43,100,NULL,NULL,NULL,-0.676,NULL,NULL,35,NULL,NULL,NULL,NULL,NULL,NULL,NULL,NULL,20.282,0.061,NULL,NULL,NULL,2,NULL,NULL,NULL,NULL,80,"Belize","D.Barrow",2020,9,1,69,1,0,152,"Parliamentary Democracy",0,0,0,0,0,0,0,0,0,0,0,0,0,0,0,0,0,0,4.0775375,5.0238805,6.1527330000000005,0,0,0,0.473717242150149,0.00028248232999999995,0.20127517
"Benin",5.2,5.4,8,37,8,71.7,2,7.85,6.5,64,NULL,8,6,NULL,8.75,0.888,10,30.32,100,5,10,0.412,-0.564,2,9,30,9,8,NULL,3.5,4,2.028,NULL,NULL,15.451,-0.002,4.5,4,8,1,2.24,NULL,3,89.7,434,"Benin","Talon",2020,9,1,62,1,0,54,"Presidential Democracy",1,0,0,1,0,0,0,0,0,0,0,0,0,0,0,0,0,0,4.744932,5.880533,5.880533,0,0,0,1.3780396255631,0.0009664098599999999,0.5848623000000001
"Bhutan",6.6,4.3,9,58,7,NULL,3,6.567,7.25,NULL,NULL,7,7,NULL,7,0.84,7,30.73,1,5.929,7,0.093,0.501,NULL,6,60,8,7,NULL,4.5,5,1.604,NULL,NULL,2.632,1.123,7,5,7,0,3.567,NULL,4,NULL,760,"Bhutan","Lotay Tshering",2020,9,1,52,1,0,23,"Parliamentary Democracy",0,0,0,0,0,0,0,0,0,0,0,0,0,0,0,0,0,0,3.1780539,3.1780539,5.017279599999999,0,0,0,1.4809095789582398,0.00029457653999999996,0.21422191
"Bolivia",6,6.5,7,53,6,NULL,3,7.2,5.75,NULL,NULL,7,5,NULL,8.25,0.826,7,33.88,100,5.714,10,0.622,-0.567,1,7,10,9,7,NULL,5,5,2.012,NULL,NULL,21.848,-0.249,5,6,8,1,3.18,NULL,5,NULL,145,"Bolivia","Anez",2020,9,0,53,0,0,11,"Party-Personal",1,0,0,1,1,0,0,0,0,0,0,0,0,0,0,0,0,1,2.4849067000000002,4.0253515,4.0253515,0,0,0,-0.6718273454460161,0.00070774794,0.49344449999999995
"Botswana",5,3.3,8,45,8,64.8,3,8.2,7.75,80.5,NULL,9,9,NULL,8.25,0.807,9,24.93,100,7.571,3,0.166,0.53,2,8,70,8,7,NULL,7,7,1.641,NULL,NULL,17.347,0.995,6.5,7,7,1,3.173,NULL,7,99.9,571,"Botswana","Mokgweetsi Masisi",2020,9,0,59,1,0,30,"Dominant Party",0,0,0,0,0,0,0,0,0,0,0,0,0,0,0,0,0,0,2.4849067000000002,6.4769726,6.4769726,0,0,0,0.00644715716314648,0.0003960089,0.30860686
"Brazil",6.4,6.2,6,47,7,NULL,2,7.65,7.75,NULL,33,7,7,NULL,8.75,0.788,8,33.58,100,6.929,6,0.677,-0.174,4,9,45,9,9,NULL,7,7,2.195,NULL,3.377,37.75,-0.377,6.5,5,8,2,2.611,NULL,7,NULL,140,"Brazil","Bolsonaro",2020,9,1,65,1,1,21,"Presidential Democracy",0,0,0,0,0,0,0,0,0,0,0,0,0,0,0,0,0,0,3.1780539,3.1780539,6.061457,0,0,0,-0.0145837058124233,0.00038002792,0.2959476
"Brunei",7.7,8.3,3,76,NULL,NULL,6,NULL,NULL,NULL,NULL,NULL,NULL,NULL,NULL,NULL,NULL,53.72,17,NULL,NULL,NULL,1.084,2,NULL,NULL,NULL,NULL,NULL,NULL,NULL,NULL,NULL,NULL,0,1.154,NULL,NULL,NULL,2,NULL,NULL,NULL,NULL,835,"Brunei","Hassanal Bolkiah",2020,9,0,74,1,0,636,"Monarchy",0,0,0,0,0,0,0,0,0,0,0,0,0,0,0,0,0,0,6.45677,6.45677,6.45677,0,0,0,1.72774267623664,0.00027176028,0.18831815
"Bulgaria",3.3,4.5,8,42,8,NULL,2,8.1,7.75,NULL,NULL,7,8,4.316,8.25,0.937,9,35.01,100,7.5,2,0.596,0.296,2,10,30,8,8,6.8,7,7,1.631,NULL,NULL,37.409,0.077,6.5,6,7,1,2.416,NULL,7,NULL,355,"Bulgaria","Boiko Borisov",2020,9,1,61,1,0,41,"Parliamentary Democracy",1,0,1,0,0,0,0,0,0,0,0,0,0,0,0,0,0,0,3.7612002,3.7612002,3.7612002,0,0,0,-0.553375373933741,0.00028918972,0.20859557
"Burkina Faso",6.1,7.1,6,41,6,58.8,4,6.4,4.75,62.2,NULL,6,5,NULL,7,0.764,6,23.85,22,4.5,16,0.387,-0.564,2,7,30,7,4,NULL,3,3,2.074,NULL,NULL,8.33,-0.867,3,5,7,1,2.67,NULL,3,87.1,439,"Burkina Faso","Kabore",2020,9,1,63,1,0,58,"Presidential Democracy",0,0,0,0,0,0,0,0,0,0,0,0,0,0,0,0,0,0,4.0775375,4.0775375,4.0775375,0,0,0,0.9165094179656741,0.0019241641,0.76061356
"Burundi",8.8,8.8,0,85,3,38.2,7,3.8,3,25.5,NULL,2,3,NULL,3,0.611,2,55.78,1,4.143,21,0.952,-1.442,4,3,20,3,3,NULL,4,5,2.605,NULL,NULL,10.919,-1.971,3.5,4,3,0,1.664,NULL,3,32.1,516,"Burundi","Ndayishimiye",2020,9,1,52,1,1,4,"Personal Dictatorship",0,0,0,0,0,0,1,0,1,1,0,1,0,1,0,1,0,0,1.609438,5.236442,3.3672957,0,0,0,3.59178477846757,0.0022249870000000003,0.7844434
"Cambodia",7.7,8.3,3,70,2,NULL,6,3.567,2,NULL,52,2,2,NULL,2.75,0.64,2,42.07,1,4.429,11,0.878,-0.694,3,3,25,3,2,NULL,3,3,2.01,NULL,NULL,22.313,0.211,2.5,3,3,0,2.181,NULL,3,NULL,811,"Cambodia","Hun Sen",2020,9,1,68,1,1,279,"Dominant Party",0,0,0,0,0,0,0,0,0,0,0,0,0,0,0,0,0,0,3.295837,5.7960577,5.7960577,0,0,0,-0.8073228415342081,0.00034130266000000005,0.26089589999999996
"Cameroon",7.5,8.4,3,66,4,39.5,6,3.917,3.75,42.7,NULL,2,4,NULL,3.25,0.751,2,41.59,1,4.536,16,0.953,-0.764,4,5,25,3,3,NULL,4.5,5,2.373,NULL,NULL,5.412,-1.062,4,4,3,0,1.757,NULL,4,58.2,471,"Cameroon","Biya",2020,9,1,87,1,0,455,"Personal Dictatorship",0,0,0,0,0,0,0,0,0,0,0,0,0,0,0,0,0,0,3.1780539,6.100319,6.089045,2,0,0,1.2890961701785,0.0008439809300000001,0.54738754
"Canada",1.3,1,12,18,NULL,NULL,1,NULL,NULL,NULL,15,NULL,NULL,7.175,NULL,0.947,NULL,16.53,100,NULL,0,0.022,1.781,1,NULL,90,NULL,NULL,8.2,NULL,NULL,1.332,NULL,NULL,30.498,1.256,NULL,NULL,NULL,2,3.821,NULL,NULL,NULL,20,"Canada","Trudeau",2020,9,1,49,1,0,59,"Parliamentary Democracy",0,0,0,0,0,0,0,0,0,0,0,0,0,0,0,0,0,0,2.4849067000000002,4.0943446,6.9716682,0,0,0,-0.484075147272431,0.00023163966,0.1423218
"Cape Verde",4,5.3,10,27,NULL,77.5,1,NULL,NULL,75.3,NULL,NULL,NULL,NULL,NULL,0.887,NULL,18.02,100,NULL,5,0.153,0.125,NULL,NULL,75,NULL,NULL,NULL,NULL,NULL,NULL,NULL,NULL,19.446,0.886,NULL,NULL,NULL,2,3.561,NULL,NULL,100,402,"Cape Verde","Correia e Silva",2020,9,1,58,1,0,54,"Parliamentary Democracy",1,0,1,0,0,0,0,0,0,0,0,0,0,0,0,0,0,0,4.0073333,4.0073333,5.8777356,0,0,0,0.0546585493722874,0.0006308956,0.45650366
"Chad",9.1,9.1,1,74,2,30.6,7,3.45,2.25,41.2,NULL,3,2,NULL,3,0.625,2,39.66,1,3.179,19,0.976,-1.512,4,4,20,3,2,NULL,2.5,2,2.56,NULL,NULL,13.359,-1.302,2.5,3,3,1,1.277,NULL,3,70.7,483,"Chad","Deby",2020,9,1,68,1,1,358,"Personal Dictatorship",0,0,0,0,0,0,0,0,0,0,0,0,0,0,0,0,0,0,3.988984,5.880532700000001,5.214936,1,0,0,1.06086166380642,0.0011730300999999999,0.64067394
"Chile",3,3.3,10,29,9,NULL,1,9.2,9.5,NULL,NULL,10,9,4.941,9.5,0.894,10,20.53,100,8.536,2,0.096,1.011,2,10,85,9,10,6,8,7,1.603,NULL,NULL,17.647,0.413,7,7,10,2,3.821,NULL,9,NULL,155,"Chile","Sebastian Pinera",2020,9,1,71,1,0,31,"Presidential Democracy",1,1,0,0,0,0,0,0,0,0,0,0,0,0,0,0,0,1,3.5263605000000005,3.5263605000000005,5.9135029999999995,0,0,0,0.435087953610285,0.00045164377999999997,0.3486381
"China",8.5,8.6,2,87,2,NULL,7,3.283,2.25,NULL,87,1,2,NULL,1.75,0.677,1,77.66,8,6.75,6,0.538,0.355,4,2,20,1,1,NULL,5.5,6,2.254,NULL,NULL,0,-0.499,7,1,2,0,0.418,NULL,5,NULL,710,"China","Xi Jinping",2020,9,0,67,1,0,95,"Dominant Party",0,0,0,0,0,0,0,0,0,0,0,0,0,0,0,0,0,0,3.5835190000000003,6.758095,6.1114674,0,0,0,1.0381174849215,0.00011760659,0.043296132
"Colombia",7,6.3,8,57,6,NULL,3,6.75,6.5,NULL,32,7,7,NULL,7,0.809,8,41.47,100,6.429,10,0.572,0.015,3,7,50,7,7,NULL,6,6,2.754,NULL,NULL,19.203,-0.882,5,5,7,0,3.106,NULL,6,NULL,100,"Colombia","Ivan Duque",2020,9,1,44,1,0,26,"Presidential Democracy",0,0,0,0,0,0,0,0,0,0,0,0,0,0,0,0,0,0,3.3322046000000003,3.3322046000000003,6.618739,1,0,0,-0.48567020942554706,0.0003564084,0.2755675
"Comoros",6.3,7.3,4,49,NULL,47.9,3,NULL,NULL,57.8,NULL,NULL,NULL,NULL,NULL,0.526,NULL,24.33,100,NULL,11,0.724,-1.553,NULL,NULL,30,NULL,NULL,NULL,NULL,NULL,NULL,NULL,NULL,16.643,0.036,NULL,NULL,NULL,2,3.004,NULL,NULL,94.6,581,"Comoros","Assoumani",2020,9,1,61,1,1,17,"Presidential Democracy",0,0,0,0,0,0,0,0,0,0,0,0,0,0,0,0,0,0,2.944439,3.988984,2.944439,0,0,0,1.02742105697858,0.001018834,0.59988296
"Costa Rica",1.5,2.4,11,16,9,NULL,1,9.05,9.5,NULL,NULL,7,10,NULL,10,0.909,10,11.93,100,7.929,1,0.186,0.355,NULL,10,50,10,10,NULL,8,8,1.7,NULL,NULL,25.296,0.661,7.5,7,10,2,3.544,NULL,8,NULL,94,"Costa Rica","Carlos Alvarado Quesada",2020,9,1,40,1,0,29,"Presidential Democracy",0,0,0,0,0,0,0,0,0,0,0,0,0,0,0,0,0,0,3.4011974,4.3567089999999995,6.693323599999999,0,0,0,-0.563806653113619,0.0002728214,0.18966314
"Croatia",3.6,2.9,10,41,8,NULL,1,8.35,8,NULL,NULL,8,8,4.91,8.75,0.876,9,29.59,100,7.786,2,0.412,0.494,1,10,35,9,9,6.6,8,8,1.674,NULL,NULL,28.886,0.664,7.5,7,7,2,3.19,NULL,8,NULL,344,"Croatia","Plenkovic",2020,9,1,50,1,0,48,"Parliamentary Democracy",0,0,0,0,0,0,1,1,0,1,0,1,0,1,0,0,1,0,1.0986122999999999,4.0775375,5.313206,0,0,0,0.268454030918161,0.00016685978,0.0794156
"Cuba",7.5,7.6,1,91,4,NULL,7,3.583,3.25,NULL,79,1,2,NULL,1.75,0.746,1,71.75,8,4.464,5,0.417,-0.105,3,2,10,1,2,NULL,6,6,2.063,NULL,NULL,0,0.685,6,1,3,0,0.446,NULL,6,NULL,40,"Cuba","Raul Castro",2020,9,1,89,1,1,152,"Party-Personal",0,0,0,0,0,0,0,0,0,0,0,0,0,0,0,0,0,0,2.9957323,6.6080008,2.9957323,0,0,0,0.33733479516189896,0.0002825013,0.20129570000000002
"Denmark",1.5,0.9,12,12,NULL,NULL,1,NULL,NULL,NULL,NULL,NULL,NULL,7.787,NULL,0.949,NULL,10.36,100,NULL,0,0.014,1.876,1,NULL,95,NULL,NULL,8,NULL,NULL,1.299,8.188,NULL,44.751,0.868,NULL,NULL,NULL,2,3.847,7.62,NULL,NULL,390,"Denmark","Mette Frederiksen",2020,9,1,43,0,0,16,"Parliamentary Democracy",0,0,0,0,0,0,0,0,0,0,0,0,0,0,0,0,0,0,2.7725887000000005,2.7725887000000005,7.270313000000001,0,0,0,0.0390522110437015,0.00013049135,0.051140156
"Djibouti",7.8,8.2,2,77,3,37.1,6,3.783,3,50.5,NULL,3,3,NULL,3,0.574,2,70.54,1,4.536,12,0.73,-0.974,NULL,3,25,4,3,NULL,4.5,4,2.209,NULL,NULL,5.949,-0.626,3,4,2,1,1.206,NULL,5,80.8,522,"Djibouti","Guelleh",2020,9,1,73,1,0,257,"Personal Dictatorship",0,0,0,0,0,0,0,0,0,0,0,0,0,0,0,0,0,0,3.988984,5.820083,5.7960577,0,0,0,0.17114313233372502,0.0006073875,0.4440292
"Dominica",NULL,NULL,10,25,NULL,NULL,1,NULL,NULL,NULL,NULL,NULL,NULL,NULL,NULL,NULL,NULL,NULL,100,NULL,NULL,NULL,0.054,NULL,NULL,60,NULL,NULL,NULL,NULL,NULL,NULL,NULL,NULL,23.199,1.002,NULL,NULL,NULL,2,NULL,NULL,NULL,NULL,54,"Dominica","Roosevelt Skerrit",2020,9,1,48,1,0,201,"Parliamentary Democracy",0,0,0,0,0,0,0,0,0,0,0,0,0,0,0,0,0,0,2.3025851000000004,5.5174527,6.222576,0,0,0,-0.790513595356034,0.0001845836,0.09504204
"Ecuador",5,6.5,6,66,6,NULL,3,5.9,4.75,NULL,43,6,4,NULL,6.5,0.868,5,33.64,100,5.536,7,0.578,-0.43,2,6,15,6,4,NULL,5.5,6,1.952,NULL,3.522,26.263,-0.085,5,4,5,1,2.675,NULL,5,NULL,130,"Ecuador","Lenin Moreno",2020,9,1,67,1,0,41,"Presidential Democracy",0,0,0,0,0,0,0,0,0,0,0,0,0,0,0,0,0,0,3.465736,5.370638,3.465736,0,0,0,0.153487778700139,0.0026783234999999996,0.813109
"Egypt",9.8,8.2,2,77,3,26.6,6,3.7,3.5,49.5,68,2,4,NULL,2.75,0.326,2,55.78,6,4.857,12,0.821,-0.66,4,3,20,3,3,NULL,3.5,4,2.602,NULL,3.939,10.463,-1.438,4,3,3,0,0.866,NULL,3,62.4,651,"Egypt","al-Sisi",2020,9,1,66,1,1,76,"Military-Personal",0,0,0,0,0,0,0,0,0,0,0,0,0,0,0,0,0,0,2.8903717999999996,4.394449,2.8903717999999996,2,0,0,1.44161249161804,0.0010936841,0.6203247
"El Salvador",6.3,4.8,9,41,5,NULL,2,7.3,6,NULL,NULL,7,6,NULL,8.5,0.806,9,27.24,100,6.464,4,0.589,-0.285,2,8,35,9,7,NULL,5.5,5,2.252,NULL,NULL,24.425,-0.099,5,7,8,2,2.493,NULL,6,NULL,92,"El Salvador","Nayib Bukele",2020,9,1,39,1,0,16,"Presidential Democracy",0,0,0,0,0,0,0,0,0,0,0,0,0,0,0,0,0,0,2.9957323,2.9957323,6.0799330000000005,0,0,0,-0.876627967737744,0.0003855952,0.30045483
"Equatorial Guinea",9.2,9.8,0,91,2,22.1,7,2.817,1.75,40.6,NULL,1,2,NULL,2,0.513,1,66.47,1,3.214,12,0.897,-1.408,3,2,10,2,2,NULL,3,3,1.888,NULL,NULL,0.913,-0.141,3,2,2,0,0.35,NULL,3,91.6,411,"Equatorial Guinea","Nguema Mbasogo",2020,9,1,78,1,1,494,"Personal Dictatorship",0,0,0,0,0,0,0,0,0,0,0,0,0,0,0,0,0,0,3.988984,6.2025356,6.126869,0,0,0,0.235276828112314,0.0009257861999999999,0.57342476
"Eritrea",9,9.3,1,94,1,17.4,7,2.117,1.25,33.6,NULL,1,1,NULL,1,0.362,1,84.24,18,1.571,15,0.559,-1.696,4,1,10,1,1,NULL,1.5,1,2.494,NULL,NULL,0,-0.657,2,1,1,0,0.174,NULL,2,62.9,531,"Eritrea","Afeworki",2020,9,0,74,1,0,329,"Party-Personal",0,0,0,0,0,0,0,0,0,0,0,0,0,0,0,0,0,0,5.799093,5.799093,5.799093,0,0,0,0.12165370380879,0.0008299211,0.5427879
"Estonia",1.7,2.7,11,16,10,NULL,1,9.75,10,NULL,6,10,10,6.61,10,0.948,10,13.55,100,9.286,0,0.035,1.091,1,10,90,10,10,8,9,9,1.716,7.301,NULL,30.758,0.674,9,9,10,2,3.767,6.862,9,NULL,366,"Estonia","Ratas",2020,9,0,42,1,0,47,"Parliamentary Democracy",0,0,0,0,0,0,0,0,0,0,0,0,0,0,0,0,0,0,2.944439,5.351858,5.820083,0,0,0,2.205179892896,0.00012300751,0.046109304000000004
"Fiji",6.9,6.9,7,44,NULL,NULL,3,NULL,NULL,NULL,NULL,NULL,NULL,NULL,NULL,0.79,NULL,28.64,1,NULL,4,0.216,-0.249,1,NULL,30,NULL,NULL,NULL,NULL,NULL,NULL,NULL,NULL,22.591,0.918,NULL,NULL,NULL,1,3.111,NULL,NULL,NULL,950,"Fiji","Bainimarama",2020,9,1,66,1,1,165,"Military-Personal",0,0,0,0,0,0,0,0,0,0,0,0,0,0,0,0,0,0,3.1354942,5.1532917000000005,4.2904596,0,0,0,1.14617337028482,0.0004949762400000001,0.3774474
"Finland",1,0.9,12,12,NULL,NULL,1,NULL,NULL,NULL,NULL,NULL,NULL,7.541,NULL,0.951,NULL,8.92,100,NULL,0,0.031,1.829,1,NULL,90,NULL,NULL,9,NULL,NULL,1.527,8.122,NULL,38.094,0.999,NULL,NULL,NULL,2,3.632,8.199,NULL,NULL,375,"Finland","Sanna Marin",2020,9,0,35,0,0,10,"Parliamentary Democracy",0,0,0,0,0,0,0,0,0,0,0,0,0,0,0,0,0,0,2.8903717999999996,2.8903717999999996,5.509388400000001,0,0,0,1.4988546495640303,0.00015374561000000003,0.068337455
"Gabon",7.5,8.2,3,71,5,46.6,6,4.7,3.75,54.8,NULL,3,3,NULL,3.75,0.752,2,34.83,1,5.071,10,0.782,-0.792,3,4,40,4,3,NULL,4.5,5,2.032,NULL,NULL,6.749,-0.105,5.5,4,4,1,2.283,NULL,4,91.6,481,"Gabon","Ondimba",2020,9,1,61,1,0,132,"Party-Personal",0,0,0,0,0,0,0,0,0,0,0,0,0,0,0,0,0,0,3.9120230000000005,6.583409,6.349139,0,0,0,0.187175064523382,0.0006317528,0.45693487
"Gambia",9.4,8.6,0,87,6,32.9,6,6.9,5.5,45.3,67,7,6,NULL,7,0.635,8,46.7,1,4.786,15,0.645,-0.842,3,7,25,7,6,NULL,4.5,5,2.221,NULL,NULL,9.065,-0.434,3.5,5,7,0,1.425,NULL,4,70.8,420,"Gambia","Barrow",2020,9,1,55,1,0,45,"Presidential Democracy",0,0,0,0,0,0,0,0,0,0,0,0,0,0,0,0,0,0,3.8286413999999995,3.8286413999999995,5.6664267,0,0,0,1.3596968414408899,0.0008015564500000001,0.53274673
"Georgia",5.6,8.3,7,50,7,NULL,3,6.8,6.5,NULL,24,7,7,NULL,8.5,0.882,8,27.76,100,6.036,6,0.177,0.518,2,9,40,9,6,NULL,5.5,5,2.096,NULL,3.812,17.347,-0.313,5.5,5,8,1,3.387,NULL,6,NULL,372,"Georgia","Gakharia",2020,9,0,45,1,0,13,"Parliamentary Democracy",1,0,1,0,0,0,0,0,0,0,0,0,0,0,0,0,0,0,3.1354942,3.1354942,5.817111,0,0,0,-0.753158808963322,0.00033407973,0.25365764
"Germany",1.1,1,12,20,NULL,NULL,1,NULL,NULL,NULL,20,NULL,NULL,6.807,NULL,0.943,NULL,14.97,100,NULL,0,0.023,1.735,1,NULL,90,NULL,NULL,8.8,NULL,NULL,1.515,7.757,2.255,31.853,0.681,NULL,NULL,NULL,2,3.719,7.108,NULL,NULL,255,"Germany","Merkel",2020,9,1,66,0,0,179,"Parliamentary Democracy",0,0,0,0,0,0,0,0,0,0,0,0,0,0,0,0,0,0,3.6109178,5.198497,5.888878,0,0,0,0.25285543731827,0.0002116518,0.12002177
"Ghana",5.1,4.2,10,33,7,71.8,1,7.9,7,70.4,NULL,9,8,NULL,8.5,0.8,8,17.95,100,5.607,11,0.646,-0.168,2,9,50,8,8,NULL,5,6,1.808,NULL,NULL,16.241,-0.131,5,8,8,1,2.081,NULL,4,87.3,452,"Ghana","Akufo-Addo",2020,9,1,76,1,0,45,"Presidential Democracy",1,0,0,1,0,0,0,0,0,0,0,0,0,0,0,0,0,0,3.8286413999999995,3.8286413999999995,5.8141303,0,0,0,0.618086046450734,0.0008996748399999999,0.56530356
"Greece",3.2,6.7,8,44,NULL,NULL,2,NULL,NULL,NULL,NULL,NULL,NULL,4.736,NULL,0.941,NULL,30.89,100,NULL,2,0.285,0.227,3,NULL,40,NULL,NULL,7.4,NULL,NULL,2.02,NULL,NULL,31.941,-0.122,NULL,NULL,NULL,2,3.476,NULL,NULL,NULL,350,"Greece","Mitsotakis",2020,9,1,52,1,0,15,"Parliamentary Democracy",0,0,0,0,0,0,0,0,0,0,0,0,0,0,0,0,0,0,2.7080502999999996,2.7080502999999996,6.311734700000001,0,0,0,-0.134992358983929,0.00019378871,0.102721795
"Grenada",3.2,5.4,10,26,NULL,NULL,1,NULL,NULL,NULL,NULL,NULL,NULL,NULL,NULL,NULL,NULL,NULL,100,NULL,NULL,NULL,-0.175,NULL,NULL,NULL,NULL,NULL,NULL,NULL,NULL,NULL,NULL,NULL,22.546,1.019,NULL,NULL,NULL,2,NULL,NULL,NULL,NULL,55,"Grenada","Mitchell",2020,9,1,74,1,0,92,"Parliamentary Democracy",0,0,0,0,0,0,0,0,0,0,0,0,0,0,0,0,0,0,3.8501475,4.5217886,3.8501475,0,0,0,-1.3725864999219999,0.00031957845,0.23933510000000002
"Guatemala",7.2,6.5,5,58,4,NULL,4,5.05,4.75,NULL,NULL,5,5,NULL,5.25,0.73,5,39.33,100,5.107,8,0.76,-0.606,2,5,20,6,5,NULL,4,4,2.243,NULL,NULL,8.538,-0.543,3.5,4,6,2,2.613,NULL,4,NULL,90,"Guatemala","Giammattei",2020,9,1,64,1,0,9,"Presidential Democracy",0,0,0,0,0,0,0,0,0,0,0,0,0,0,0,0,0,0,2.6390574,2.6390574,5.7930136,0,0,0,0.43369940579217403,0.00039089518,0.30439737
"Guinea",7.7,9.6,3,66,5,47.9,5,6.05,5,53.2,NULL,5,6,NULL,6.25,0.628,5,33.15,1,4.5,18,0.825,-1.006,3,6,20,6,5,NULL,4.5,5,2.1,NULL,NULL,14.398,-0.394,3.5,6,6,1,1.62,NULL,4,89.2,438,"Guinea","Conde",2020,9,1,82,1,0,118,"Presidential Democracy",1,0,0,1,0,0,1,0,0,0,1,1,0,1,0,0,1,0,1.9459101000000003,4.7791233,1.9459101000000003,0,0,0,0.8070243229083249,0.0057706777,0.93316156
"Guyana",3.5,5.4,8,38,NULL,NULL,2,NULL,NULL,NULL,NULL,NULL,NULL,NULL,NULL,0.897,NULL,26.8,100,NULL,9,0.463,-0.302,2,NULL,30,NULL,NULL,NULL,NULL,NULL,2.029,NULL,NULL,26.65,-0.026,NULL,NULL,NULL,2,3.178,NULL,NULL,NULL,110,"Guyana","Mohamed Irfaan Ali",2020,9,1,40,1,0,2,"Parliamentary Democracy",0,0,0,0,0,0,1,1,0,1,0,1,0,0,1,1,0,0,1.9459101000000003,1.9459101000000003,1.9459101000000003,0,0,0,-0.82444231359169,0.00033890107000000006,0.25873983
"Haiti",7.6,9.7,4,52,4,NULL,5,4.1,3,NULL,NULL,3,3,NULL,6,0.618,3,26.36,1,2.893,14,0.857,-2.078,2,7,10,6,3,NULL,3,3,2.05,NULL,NULL,10.624,-0.744,2,3,7,2,1.83,NULL,3,NULL,41,"Haiti","Jovenel Moise",2020,9,1,52,1,0,44,"Presidential Democracy",0,0,0,0,0,0,0,0,0,0,0,0,0,0,0,0,0,0,3.8501475,3.8501475,3.8501475,0,0,0,-0.671421448761078,0.0008852974000000001,0.56087846
"Honduras",6.9,6.8,4,66,4,NULL,4,5.8,4.75,NULL,NULL,5,5,NULL,5.75,0.745,6,43.75,1,5.214,7,0.83,-0.726,3,6,30,6,5,NULL,4,4,2.193,NULL,NULL,23.452,-0.433,3.5,6,5,1,2.007,NULL,4,NULL,91,"Honduras","Juan Orlando Hernandez",2020,9,1,52,1,0,81,"Presidential Democracy",0,0,0,0,0,0,0,0,0,0,0,0,0,0,0,0,0,0,3.5553482000000005,4.8751974,6.1463294,0,0,0,-1.1542815589511202,0.0021057420000000003,0.7753673000000001
"Hungary",5.2,6.1,7,44,7,NULL,3,7.15,6,NULL,29,6,6,4.532,7.5,0.892,7,29.01,100,7.714,0,0.434,0.464,2,7,45,7,5,3.8,7.5,7,1.503,6.901,NULL,31.37,0.655,6,7,6,2,2.882,6.323,8,NULL,310,"Hungary","Orban",2020,9,1,57,1,0,125,"Dominant Party",0,0,0,0,0,0,0,0,0,0,0,0,0,0,0,0,0,0,3.4011974,4.836282,5.902633,0,0,0,0.7290394286788471,0.0012514411,0.6591033000000001
"Iceland",1,1.3,10,15,NULL,NULL,1,NULL,NULL,NULL,6,NULL,NULL,7.087,NULL,0.926,NULL,13.03,100,NULL,NULL,0.02,1.386,NULL,NULL,90,NULL,NULL,7.4,NULL,NULL,1.084,8.1,NULL,42.147,1.362,NULL,NULL,NULL,2,3.663,7.812,NULL,NULL,395,"Iceland","Katrín Jakobsdóttir",2020,9,1,44,0,0,35,"Parliamentary Democracy",0,0,0,0,0,0,0,0,0,0,0,0,0,0,0,0,0,0,3.5835190000000003,3.5835190000000003,3.5835190000000003,0,0,0,-0.19387714628674,0.00014639947,0.06293699
"India",6,4.7,9,43,6,NULL,2,7.6,7,NULL,41,8,7,NULL,8,0.712,9,42.94,100,6.321,11,0.487,0.075,4,7,55,9,9,NULL,4.5,4,2.545,NULL,3.208,30.905,-0.954,5.5,7,7,0,2.719,NULL,5,NULL,750,"India","Narendra Modi",2020,9,1,70,1,0,77,"Parliamentary Democracy",0,0,0,0,0,0,0,0,0,0,0,0,0,0,0,0,0,0,2.8332132999999997,4.3567089999999995,6.799056,3,0,0,1.2615792554998102,0.00026624635,0.18134683
"Indonesia",7.2,5.1,6,49,6,NULL,2,6.5,6.25,NULL,47,6,5,NULL,7,0.79,6,39.93,100,6,8,0.675,0.008,3,7,30,8,9,NULL,5.5,5,1.84,NULL,NULL,31.606,-0.373,4,6,6,0,2.385,NULL,6,NULL,850,"Indonesia","Joko Widodo",2020,9,1,59,1,0,72,"Presidential Democracy",0,0,0,0,0,0,0,0,0,0,0,0,0,0,0,0,0,0,2.8903717999999996,5.26269,5.26269,0,0,0,1.0029951487995,0.00052157225,0.39440855
"Iran",9.5,9,2,90,2,NULL,6,2.917,2.25,NULL,85,2,2,NULL,2.75,0.52,2,65.12,21,3.393,9,0.715,-0.191,4,3,10,4,3,NULL,3,2,2.344,NULL,NULL,6.657,-0.813,3.5,2,2,0,1.458,NULL,4,NULL,630,"Iran","Rouhani",2020,9,1,72,1,0,86,"Dominant Party",0,0,0,0,0,0,0,0,0,0,0,0,0,0,0,0,0,0,3.713572,4.477337,5.926926,1,0,0,1.15599850510663,0.00053617585,0.40283779999999997
"Iraq",8.7,9.5,2,71,3,NULL,5,3.6,3.75,NULL,NULL,3,4,NULL,4.75,0.542,3,54.03,1,3.893,18,0.851,-1.268,5,6,37.3,6,5,NULL,3,2,3.516,NULL,NULL,27.958,-2.314,2.5,4,3,0,1.987,NULL,4,NULL,645,"Iraq","Al-Kadhimi",2020,9,0,53,1,0,5,"Parliamentary Democracy",0,0,0,0,0,0,0,0,0,0,0,0,0,0,0,0,0,0,3.3672957,3.3672957,5.192957,2,0,0,0.260514330399564,0.0005653464,0.42103103
"Ireland",1.4,1,11,18,NULL,NULL,1,NULL,NULL,NULL,NULL,NULL,NULL,6.533,NULL,0.947,NULL,14.08,100,NULL,0,0.044,1.332,1,NULL,90,NULL,NULL,8,NULL,NULL,1.417,7.55,NULL,31.395,0.848,NULL,NULL,NULL,2,3.624,6.178,NULL,NULL,205,"Ireland","Martin",2020,9,1,60,1,0,4,"Parliamentary Democracy",0,0,0,0,0,0,0,0,0,0,0,0,0,0,0,0,0,0,4.0253515,4.75359,7.0774984,0,0,0,1.5563431503345,0.0001342774,0.05422027
"Israel",NULL,NULL,10,33,NULL,NULL,1,NULL,NULL,NULL,NULL,NULL,NULL,5.741,NULL,0.859,NULL,31.01,100,NULL,7,0.128,1.345,4,NULL,75,NULL,NULL,7.2,NULL,NULL,2.745,7.901,NULL,35.539,-0.795,NULL,NULL,NULL,1,3.353,5.143,NULL,NULL,666,"Israel","Netanyahu",2020,9,1,71,1,0,139,"Parliamentary Democracy",0,0,0,0,0,0,1,1,0,1,0,1,0,1,0,0,1,0,1.9459101000000003,2.5649493,1.9459101000000003,1,0,0,0.523206506805012,0.0006734428500000001,0.47745872
"Italy",2,3.7,10,31,NULL,NULL,1,NULL,NULL,NULL,25,NULL,NULL,5.556,NULL,0.893,NULL,26.26,100,NULL,0,0.259,0.535,2,NULL,50,NULL,NULL,7.6,NULL,NULL,1.744,7.108,NULL,46.054,0.369,NULL,NULL,NULL,2,3.547,6.134,NULL,NULL,325,"Italy","Conte",2020,9,0,56,1,0,28,"Parliamentary Democracy",0,0,0,0,0,0,0,0,0,0,0,0,0,0,0,0,0,0,3.4339871,3.4339871,3.8286413999999995,0,0,0,0.169097499805959,0.00031082687000000004,0.23058759
"Jamaica",5.5,4.8,9,19,7,NULL,2,8.3,7.25,NULL,NULL,8,9,NULL,9.5,0.924,9,12.73,100,6.321,3,0.134,0.412,3,10,40,9,8,NULL,5.5,6,2.072,NULL,NULL,15.071,0.308,5,9,10,2,3.149,NULL,5,NULL,51,"Jamaica","Holness",2020,9,1,48,1,0,55,"Parliamentary Democracy",1,0,1,0,0,1,0,0,0,0,0,0,0,0,0,0,0,0,4.0253515,4.0253515,6.549651,0,0,0,-0.36200210739480504,0.0007588708500000001,0.51598066
"Japan",3,1.2,12,27,NULL,NULL,1,NULL,NULL,NULL,23,NULL,NULL,5.898,NULL,0.787,NULL,29.44,100,NULL,0,0.082,1.822,1,NULL,80,NULL,NULL,6.8,NULL,NULL,1.377,NULL,NULL,16.255,0.983,NULL,NULL,NULL,2,3.715,NULL,NULL,NULL,740,"Japan","Shinzo Abe",2020,9,0,66,1,0,94,"Parliamentary Democracy",0,0,0,0,0,0,0,0,0,0,0,0,0,0,0,0,0,0,3.5835190000000003,4.543295,6.726233000000001,0,0,0,1.11605292979274,0.00026373693,0.17812298
"Jordan",7.9,6.3,3,68,5,NULL,5,4.367,4.5,NULL,53,2,5,NULL,4,0.568,3,43.24,24,6.071,6,0.488,0.134,3,5,60,5,3,NULL,5,5,2.12,NULL,3.932,0.895,-0.492,5.5,3,4,1,2.473,NULL,5,NULL,663,"Jordan","Abdullah Ibn Hussein El-Hashimi",2020,9,0,58,1,0,260,"Monarchy",0,0,0,0,0,0,0,0,0,0,0,0,0,0,0,0,0,0,6.7945867,6.7945867,6.7945867,0,0,0,0.310900807329263,0.0005511731,0.41226295
"Kazakhstan",7.3,8.3,1,85,3,NULL,7,3.8,3,NULL,62,2,4,NULL,2.5,0.843,2,54.01,1,5.607,9,0.837,-0.067,3,3,30,2,2,NULL,5.5,6,1.958,NULL,NULL,1.186,0.008,5,2,3,1,1.505,NULL,5,NULL,705,"Kazakhstan","Tokayev",2020,9,1,67,1,0,19,"Personal Dictatorship",0,0,0,0,0,0,0,0,0,0,0,0,0,0,0,0,0,0,2.7725887000000005,5.905362,5.710426999999999,0,0,0,-0.37595803627633706,0.00034559601999999996,0.26476657
"Kenya",7,7.6,5,58,6,56.8,4,6.25,5.5,57.4,29,6,6,NULL,6.5,0.698,7,31.2,100,5.357,10,0.732,-0.325,3,5,30,8,6,NULL,4.5,5,2.33,NULL,NULL,15.883,-1.355,4.5,4,7,1,2.428,NULL,4,72.4,501,"Kenya","Kenyatta",2020,9,1,59,1,0,90,"Presidential Democracy",0,0,0,0,0,0,0,0,0,0,0,0,0,0,0,0,0,0,3.5835190000000003,4.5108595000000005,3.5835190000000003,1,0,0,1.80452930505822,0.0038796263,0.87013215
"Kiribati",NULL,NULL,9,30,NULL,NULL,1,NULL,NULL,NULL,NULL,NULL,NULL,NULL,NULL,NULL,NULL,NULL,NULL,NULL,NULL,NULL,-0.434,NULL,NULL,30,NULL,NULL,NULL,NULL,NULL,NULL,NULL,NULL,11.624,0.873,NULL,NULL,NULL,2,NULL,NULL,NULL,NULL,946,"Kiribati","Mamau",2020,9,1,60,1,0,55,"Presidential Democracy",0,0,0,0,0,0,1,0,1,1,0,1,0,0,0,0,0,1,1.7917595000000002,4.0073333,6.2045580000000005,0,0,0,0.7497256159289574,0.00012606182,0.048111375
"Kuwait",7.9,7.2,4,60,5,NULL,5,4.5,4.5,NULL,NULL,3,5,NULL,3.75,0.499,3,33.61,23,6.714,3,0.566,-0.164,2,4,45,4,4,NULL,6.5,6,1.823,NULL,3.866,0,-0.05,5,2,4,1,2.266,NULL,7,NULL,690,"Kuwait","Jabir Ahmad Al Sabah",2020,9,0,91,1,0,177,"Monarchy",0,0,0,0,0,0,0,0,0,0,0,0,0,0,0,0,0,0,6.752269999999999,6.752269999999999,6.752269999999999,0,0,0,0.00103716728476932,0.00043302448,0.33601987
"Kyrgyzstan",7.5,7.7,4,67,6,NULL,5,6.15,5.25,NULL,37,5,4,NULL,6.5,0.869,7,30.92,1,5.643,12,0.882,-0.896,3,7,20,7,6,NULL,5,5,2.219,NULL,NULL,22.82,-0.647,3.5,4,6,1,2.91,NULL,5,NULL,703,"Kyrgyzstan","Sooronbay Jeenbekov",2020,9,1,62,1,0,35,"Personal Dictatorship",0,0,0,0,0,0,0,0,0,0,0,0,0,0,0,0,0,0,3.5835190000000003,3.5835190000000003,3.8286413999999995,0,0,0,-0.0287460327964336,0.0005524025,0.41301244
"Laos",7.9,9.1,1,85,3,NULL,7,2.917,2,NULL,NULL,1,2,NULL,1,0.548,1,66.41,8,4.786,12,0.871,-0.398,2,1,15,1,1,NULL,4,5,1.813,NULL,NULL,1.84,0.532,3,1,1,1,0.202,NULL,3,NULL,812,"Laos","Vorachit",2020,9,1,82,1,1,54,"Dominant Party",0,0,0,0,0,0,0,0,0,0,0,0,0,0,0,0,0,0,3.988984,6.614725599999999,5.9375362,0,0,0,-0.7377200158873799,0.0002819408,0.20056674
"Latvia",2.8,3.4,9,26,9,NULL,1,8.75,8.25,NULL,NULL,10,8,5.095,9,0.947,10,18.62,100,8.607,0,0.144,1.005,1,10,50,9,9,7.8,8,8,1.671,NULL,NULL,29.533,0.479,8.5,6,8,2,3.693,NULL,8,NULL,367,"Latvia","Karins",2020,9,1,56,1,0,21,"Parliamentary Democracy",0,0,0,0,0,0,0,0,0,0,0,0,0,0,0,0,0,0,3.1780539,3.1780539,5.7930136,0,0,0,1.94423100975497,0.00014553671999999998,0.0622799
"Lebanon",7.4,7.6,2,56,6,NULL,5,4.867,4.75,NULL,46,3,5,NULL,5.75,0.578,3,33.01,1,5.429,5,0.72,-0.539,2,8,20,5,5,NULL,4,4,2.804,NULL,3.254,19.224,-1.619,3.5,5,7,1,2.155,NULL,4,NULL,660,"Lebanon","Hassan Diab",2020,9,0,61,1,0,10,"Parliamentary Democracy",0,0,0,0,0,0,0,0,0,0,0,0,0,0,0,0,0,0,3.3672957,3.3672957,3.3672957,0,0,0,0.633009155723629,0.0008294715,0.54265445
"Lesotho",5,5.9,6,51,6,63.8,3,5.6,5.5,66.2,NULL,4,6,NULL,5.75,0.827,5,28.78,100,4.786,9,0.559,-0.802,3,6,30,8,4,NULL,4,5,2.065,NULL,NULL,15.892,-0.236,3.5,4,5,2,2.651,NULL,3,87.5,570,"Lesotho","Majoro",2020,9,0,59,1,0,5,"Parliamentary Democracy",0,0,0,0,0,0,0,0,0,0,0,0,0,0,0,0,0,0,3.6888794999999996,3.6888794999999996,3.6888794999999996,0,0,0,-0.3550066070822871,0.001700866,0.73632175
"Liberia",6.5,6.8,7,60,5,58,3,6.55,5.25,61.4,NULL,6,5,NULL,7.5,0.804,8,31.12,1,4.571,13,0.806,-1.279,1,8,25,8,6,NULL,3.5,4,2.059,NULL,NULL,11.983,-0.437,4,5,7,1,2.055,NULL,3,89,450,"Liberia","Weah",2020,9,1,54,1,0,33,"Presidential Democracy",0,0,0,0,0,0,0,0,0,0,0,0,0,0,0,0,0,0,3.5263605000000005,3.5263605000000005,3.5263605000000005,0,0,0,0.336588742312137,0.0015608507000000001,0.71672195
"Libya",9.1,9.5,0,77,1,24.9,7,2.567,1.75,22.4,54,2,2,NULL,3.5,0.533,3,56.81,19,2.643,13,0.794,-1.892,5,4,10,4,2,NULL,2,3,3.34,NULL,3.961,7.063,-2.283,3,3,4,1,2.853,NULL,1,32.8,620,"Libya","Fayez al-Sarraj",2020,9,0,60,1,0,55,"Warlordism",0,0,0,0,0,0,0,0,0,0,0,0,0,0,0,0,0,0,4.7004805,4.7004805,4.7004805,1,0,0,1.09071312560257,0.0011064131,0.62390786
"Liechtenstein",NULL,NULL,10,15,NULL,NULL,2,NULL,NULL,NULL,NULL,NULL,NULL,NULL,NULL,NULL,NULL,20.31,NULL,NULL,NULL,NULL,1.706,NULL,NULL,NULL,NULL,NULL,NULL,NULL,NULL,NULL,NULL,NULL,NULL,1.478,NULL,NULL,NULL,2,NULL,NULL,NULL,NULL,223,"Liechtenstein","Hans-Adam II",2020,9,0,75,1,0,371,"Monarchy",0,0,0,0,0,0,0,0,0,0,0,0,0,0,0,0,0,0,5.351858,7.080868,5.351858,0,0,0,0.531535910216596,0.000009691932,0.0063861026000000005
"Lithuania",2.5,2.7,10,21,9,NULL,1,9.45,9.5,NULL,NULL,10,10,5.991,9.75,0.936,10,21.37,100,9.036,1,0.15,1.07,1,10,65,10,10,8.4,8.5,9,1.734,6.405,NULL,31.01,0.828,9,7,9,2,3.535,6.069,8,NULL,368,"Lithuania","Nauseda",2020,9,1,56,1,0,15,"Parliamentary Democracy",0,0,0,0,0,0,0,0,0,0,0,0,0,0,0,0,0,0,2.8332132999999997,2.8332132999999997,5.805135,0,0,0,0.169911619405995,0.00014901678999999999,0.06479532
"Luxembourg",1,1,10,14,NULL,NULL,1,NULL,NULL,NULL,NULL,NULL,NULL,7.262,NULL,0.933,NULL,14.72,100,NULL,0,0.061,1.692,NULL,NULL,90,NULL,NULL,8,NULL,NULL,NULL,NULL,NULL,28.14,1.419,NULL,NULL,NULL,2,3.811,NULL,NULL,NULL,212,"Luxembourg","Bettel",2020,9,1,47,1,0,82,"Parliamentary Democracy",0,0,0,0,0,0,0,0,0,0,0,0,0,0,0,0,0,0,4.158883,4.158883,4.158883,0,0,0,-0.5707496938870021,0.0001597487,0.073132165
"Madagascar",5.6,7.1,5,58,5,62.5,3,5.35,4.25,54.4,NULL,5,4,NULL,5.5,0.822,7,26.71,1,4.679,11,0.858,-1.168,3,5,45,6,4,NULL,3.5,4,1.914,NULL,NULL,12.523,-0.29,4,4,4,1,2.18,NULL,3,88.8,580,"Madagascar","Rajoelina",2020,9,1,46,1,0,21,"Presidential Democracy",0,0,0,0,0,0,0,0,0,0,0,0,0,0,0,0,0,0,3.0910425,3.0910425,4.406719,0,0,0,0.40978790112978203,0.0012366925,0.6557357
"Malawi",6.2,6.4,6,45,6,64.1,3,6.45,5.75,64.3,42,7,6,NULL,7.25,0.753,7,28.97,1,4.536,14,0.668,-0.726,2,8,40,6,6,NULL,4,5,1.824,NULL,NULL,19.341,-0.113,3.5,4,7,2,3.02,NULL,3,95.5,553,"Malawi","Chakewera",2020,9,1,65,1,0,4,"Presidential Democracy",0,0,0,0,0,0,1,0,1,1,0,1,0,0,1,1,0,1,1.3862944,1.3862944,1.3862944,0,0,0,2.7003526895555603,0.0016797310999999999,0.7337446999999999
"Maldives",8.2,8.5,5,62,NULL,NULL,5,NULL,NULL,NULL,NULL,NULL,NULL,NULL,NULL,0.498,NULL,39.3,1,NULL,NULL,0.667,-0.321,3,NULL,25,NULL,NULL,NULL,NULL,NULL,NULL,NULL,NULL,28.931,0.421,NULL,NULL,NULL,1,2.089,NULL,NULL,NULL,781,"Maldives","Ibrahim Solih",2020,9,1,56,1,0,23,"Presidential Democracy",0,0,0,0,0,0,0,0,0,0,0,0,0,0,0,0,0,0,3.218876,3.218876,5.062595,0,0,0,0.519590746409045,0.000301559,0.22125484
"Mali",7.3,6.1,4,37,6,50.1,5,5.95,4.75,54.6,NULL,6,5,NULL,7.25,0.815,6,38.27,1,4.321,16,0.761,-0.993,3,8,25,7,4,NULL,4,4,2.696,NULL,NULL,11.791,-1.617,3,4,7,0,1.98,NULL,4,72.3,432,"Mali","Assimi Goita",2020,9,0,37,1,1,2,"Presidential Democracy",0,0,0,0,0,0,0,0,0,0,0,0,0,0,0,0,0,0,3.2580965,4.454347,4.454347,4,0,0,0.662381316663342,0.010111349,0.9981005999999999
"Malta",3,3.6,11,23,NULL,NULL,1,NULL,NULL,NULL,NULL,NULL,NULL,5.375,NULL,0.897,NULL,24.76,100,NULL,NULL,0.281,0.956,1,NULL,70,NULL,NULL,5.4,NULL,NULL,NULL,NULL,NULL,31.36,1.08,NULL,NULL,NULL,2,2.819,NULL,NULL,NULL,338,"Malta","Muscat",2020,9,1,46,1,0,91,"Parliamentary Democracy",0,0,0,0,0,0,0,0,0,0,0,0,0,0,0,0,0,0,3.6888794999999996,4.5108595000000005,3.6888794999999996,0,0,0,-0.0521868337044227,0.0001642796,0.0768591
"Marshall Islands",NULL,NULL,10,17,NULL,NULL,1,NULL,NULL,NULL,NULL,NULL,NULL,NULL,NULL,NULL,NULL,NULL,100,NULL,NULL,NULL,-1.566,NULL,NULL,NULL,NULL,NULL,NULL,NULL,NULL,NULL,NULL,NULL,8.575,0.208,NULL,NULL,NULL,2,NULL,NULL,NULL,NULL,983,"Marshall Islands","Kabua",2020,9,1,69,1,0,9,"Presidential Democracy",0,0,0,0,0,0,0,0,0,0,0,0,0,0,0,0,0,0,2.3978952999999996,2.3978952999999996,6.198478700000001,0,0,0,0.7497256159289559,0.0001670979,0.079641476
"Mauritania",7.9,8,4,53,5,37.7,6,4.217,4,45.4,NULL,3,4,NULL,4.25,0.689,2,26.49,6,4.214,16,0.841,-0.772,3,6,25,3,3,NULL,3.5,3,2.361,NULL,NULL,3.861,-0.747,3.5,5,6,1,2.148,NULL,4,82.1,435,"Mauritania","Ould Ghazouani",2020,9,1,64,1,1,14,"Personal Dictatorship",0,0,0,0,0,0,0,0,0,0,0,0,0,0,0,0,0,0,2.7725887000000005,5.8607864,4.905275,0,0,0,0.9519351045103329,0.0008647619,0.5542562
"Mauritius",3.4,3,10,29,8,78.1,1,8.5,8.25,81,NULL,9,9,NULL,8.75,0.88,9,26.67,100,8,0,0.617,0.961,NULL,9,60,9,9,NULL,7,6,1.528,NULL,NULL,26.279,1.013,7,8,7,2,3.804,NULL,8,100,590,"Mauritius","Pravind Jugnauth",2020,9,0,59,1,0,45,"Parliamentary Democracy",0,0,0,0,0,0,0,0,0,0,0,0,0,0,0,0,0,0,4.248495,4.248495,6.448889299999999,0,0,0,0.718604479054179,0.00057222263,0.42521998
"Mexico",6.5,6.5,7,64,4,NULL,3,6.1,5,NULL,39,6,5,3.983,6.25,0.784,7,48.97,100,6.357,5,0.75,0.132,4,7,50,7,7,6,5.5,5,2.631,NULL,NULL,26.378,-0.629,5,6,5,1,2.689,NULL,6,NULL,70,"Mexico","Lopez Obrador",2020,9,1,67,1,0,22,"Presidential Democracy",0,0,0,0,0,0,0,0,0,0,0,0,0,0,0,0,0,0,3.295837,3.295837,5.4930615,0,0,0,0.7864429231640359,0.0004403121,0.34107128
"Micronesia",3.3,5.5,10,21,NULL,NULL,1,NULL,NULL,NULL,NULL,NULL,NULL,NULL,NULL,NULL,NULL,NULL,100,NULL,NULL,NULL,-0.335,NULL,NULL,30,NULL,NULL,NULL,NULL,NULL,NULL,NULL,NULL,27.118,1.058,NULL,NULL,NULL,2,NULL,NULL,NULL,NULL,987,"Micronesia","Panuelo",2020,9,0,56,1,0,17,"Parliamentary Democracy",0,0,0,0,0,0,0,0,0,0,0,0,0,0,0,0,0,0,2.944439,2.944439,6.20859,0,0,0,0.7497256159289559,0.0001794651,0.0903808
"Moldova",4.9,6.6,5,56,7,NULL,3,6.2,5.5,NULL,NULL,6,5,NULL,6.25,0.893,7,30.41,100,5.714,8,0.826,-0.627,2,8,40,6,5,NULL,5.5,6,1.944,NULL,NULL,32.221,-0.304,5,6,6,1,2.116,NULL,5,NULL,359,"Moldova","Ion Chicu",2020,9,0,48,1,0,11,"Parliamentary Democracy",0,0,0,0,0,0,0,0,0,0,0,0,0,0,0,0,0,0,2.9957323,4.828314,4.828314,0,0,0,-0.88521950639132,0.00022756139999999999,0.13728067
"Monaco",NULL,NULL,9,16,NULL,NULL,3,NULL,NULL,NULL,NULL,NULL,NULL,NULL,NULL,NULL,NULL,NULL,NULL,NULL,NULL,NULL,NULL,NULL,NULL,NULL,NULL,NULL,NULL,NULL,NULL,NULL,NULL,NULL,NULL,1.015,NULL,NULL,NULL,2,NULL,NULL,NULL,NULL,221,"Monaco","Albert",2020,9,0,62,1,0,186,"Monarchy",0,0,0,0,0,0,0,0,0,0,0,0,0,0,0,0,0,0,7.1831116999999995,7.1831116999999995,7.1831116999999995,0,0,0,0.7340236218683129,0.00004749842000000001,0.017299972
"Mongolia",4.5,4,9,37,7,NULL,1,7.4,6.25,NULL,NULL,7,6,NULL,7.75,0.914,8,28.95,100,5.786,7,0.6,-0.098,3,9,30,8,7,NULL,6,6,1.802,NULL,NULL,6.728,0.798,5,6,7,2,2.803,NULL,6,NULL,712,"Mongolia","Khaltmaagiin Battulga",2020,9,1,57,1,0,39,"Presidential Democracy",0,0,0,0,0,0,0,0,0,0,0,0,0,0,0,0,0,0,3.6635616,4.919981,5.7930136,0,0,0,0.6730352597537349,0.00036864216,0.28629658
"Montenegro",4.1,4.6,7,44,8,NULL,3,7.55,7,NULL,NULL,7,7,NULL,7.5,0.869,7,33.65,100,7.143,3,0.654,0.131,1,8,40,7,7,NULL,7,7,1.949,NULL,NULL,36.501,0.277,6,7,6,2,2.396,NULL,7,NULL,341,"Montenegro","Dusko Markovic",2020,9,1,62,1,0,47,"Parliamentary Democracy",0,0,0,0,0,0,1,1,0,1,0,1,0,0,0,0,0,0,0.6931472,5.1532917000000005,5.1298985,0,0,0,-0.4189404500728379,0.00010874945,0.038737565
"Morocco",6.8,6.7,3,66,5,42.5,5,3.8,3.25,61.4,45,2,2,NULL,3,0.812,2,42.42,24,5.429,6,0.52,-0.106,3,4,40,3,2,NULL,4,4,2.018,NULL,NULL,2.822,-0.313,5.5,4,3,0,2.449,NULL,4,81.4,600,"Morocco","Muhammad VI",2020,9,0,57,1,0,255,"Monarchy",0,0,0,0,0,0,0,0,0,0,0,0,0,0,0,0,0,0,4.7095304,4.7095304,4.7095304,0,0,0,0.0421560287736465,0.0007646744500000001,0.5185269
"Mozambique",5.6,6.5,5,48,3,54.7,4,4.483,3,53.3,NULL,3,3,NULL,4.75,0.859,3,31.05,1,4.143,11,0.532,-0.863,3,5,30,6,3,NULL,3.5,4,2.019,NULL,NULL,7.452,-1.094,3.5,6,5,2,2.282,NULL,3,81.3,541,"Mozambique","Nyussi",2020,9,1,61,1,0,69,"Dominant Party",0,0,0,0,0,0,0,0,0,0,0,0,0,0,0,0,0,0,2.4849067000000002,6.300786,5.743003400000001,0,0,0,1.46841291468933,0.00048554782,0.37060955
"Myanmar",8.9,8.6,4,73,3,NULL,5,3.5,3,NULL,63,2,3,NULL,5,0.669,3,41.82,6,3.25,19,0.436,-0.976,5,5,10,7,4,NULL,2.5,2,2.187,NULL,NULL,2.599,-0.805,3,3,5,0,3.403,NULL,3,NULL,775,"Myanmar","Aung San Suu Kyi",2020,9,0,75,0,0,55,"Party-Military",1,0,1,0,0,0,0,0,0,0,0,0,0,0,0,0,0,0,4.0775375,4.0775375,4.7791233,1,0,0,-0.506592686710328,0.0010141634,0.59870225
"Namibia",3.8,3.3,9,32,7,74.3,2,7.5,6.75,78.3,NULL,7,9,NULL,8.5,0.857,8,17.08,100,5.5,5,0.161,0.167,2,8,30,9,6,NULL,5.5,5,1.822,NULL,NULL,6.74,0.71,5,7,8,2,3.66,NULL,6,99.7,565,"Namibia","Geingob",2020,9,1,79,1,0,67,"Dominant Party",0,0,0,0,0,0,0,0,0,0,0,0,0,0,0,0,0,0,2.3978952999999996,5.908083,5.908083,0,0,0,0.0219309401547772,0.000426224,0.33119437
"Nauru",NULL,NULL,8,46,NULL,NULL,2,NULL,NULL,NULL,NULL,NULL,NULL,NULL,NULL,NULL,NULL,NULL,NULL,NULL,NULL,NULL,-0.688,2,NULL,NULL,NULL,NULL,NULL,NULL,NULL,NULL,NULL,NULL,NULL,0.579,NULL,NULL,NULL,2,NULL,NULL,NULL,NULL,970,"Nauru","Aingimea",2020,9,0,48,1,0,14,"Parliamentary Democracy",0,0,0,0,0,0,0,0,0,0,0,0,0,0,0,0,0,0,2.6390574,2.6390574,4.8520303,0,0,0,0.7497256159289559,0.00022201650000000002,0.13108964
"Nepal",7.7,7.4,5,52,4,NULL,3,4.9,4.25,NULL,NULL,5,5,NULL,6.25,0.754,5,33.02,1,4.143,11,0.724,-0.826,3,6,30,7,5,NULL,2.5,3,2.048,NULL,NULL,21.77,-0.847,3.5,3,7,1,2.667,NULL,2,NULL,790,"Nepal","Oli",2020,9,0,68,1,0,32,"Parliamentary Democracy",0,0,0,0,0,0,0,0,0,0,0,0,0,0,0,0,0,0,3.5263605000000005,3.5263605000000005,4.418840400000001,0,0,0,1.80058795822714,0.0005824059999999999,0.43065125
"Netherlands",1,1.3,12,11,NULL,NULL,1,NULL,NULL,NULL,NULL,NULL,NULL,7.021,NULL,0.914,NULL,11.28,100,NULL,0,0.028,1.834,1,NULL,90,NULL,NULL,7.4,NULL,NULL,1.54,7.937,NULL,45.962,0.912,NULL,NULL,NULL,2,3.768,6.685,NULL,NULL,210,"Netherlands","M. Rutte",2020,9,1,53,1,0,120,"Parliamentary Democracy",1,0,1,0,0,0,0,0,0,0,0,0,0,0,0,0,0,0,3.7612002,4.8202815,7.493874000000001,0,0,0,0.553920544470325,0.00015964998,0.07306030000000001
"New Zealand",1,0.9,12,19,NULL,NULL,1,NULL,NULL,NULL,NULL,NULL,NULL,7.394,NULL,0.965,NULL,13.98,100,NULL,2,0.012,1.843,1,NULL,95,NULL,NULL,8.4,NULL,NULL,1.216,NULL,NULL,31.723,1.519,NULL,NULL,NULL,2,3.413,NULL,NULL,NULL,920,"New Zealand","Jacinda Ardern",2020,9,1,40,0,0,36,"Parliamentary Democracy",1,0,1,0,0,0,0,0,0,0,0,0,0,0,0,0,0,1,3.6109178,3.6109178,5.6629605000000005,0,0,0,0.24513080875218302,0.0005627911,0.419378
"Nicaragua",5.2,7.9,5,55,6,NULL,5,4.917,3.75,NULL,NULL,3,3,NULL,5,0.838,3,31.01,100,5.357,8,0.785,-0.689,2,6,10,5,3,NULL,5,5,1.978,NULL,NULL,11.9,-0.089,4,4,6,2,3.075,NULL,5,NULL,93,"Nicaragua","Daniel Ortega",2020,9,1,75,1,0,165,"Presidential Democracy",0,0,0,0,0,0,0,0,0,0,0,0,0,0,0,0,0,0,3.8501475,5.117994,6.066108,0,0,0,-0.868772943653124,0.0004468409,0.3456709
"Niger",6.5,7.3,6,52,6,55.5,4,6.3,6,53.7,NULL,7,5,NULL,7,0.812,7,27.21,1,3.964,18,0.632,-0.633,4,7,30,7,8,NULL,3,3,2.415,NULL,NULL,12.6,-1.103,2,7,7,1,2.357,NULL,3,64.1,436,"Niger","Issoufou",2020,9,1,68,1,0,114,"Presidential Democracy",1,0,0,1,0,0,0,0,0,0,0,0,0,0,0,0,0,0,4.0073333,4.744932,4.744932,0,0,0,2.76545907212179,0.0012047442,0.64829206
"Nigeria",8.9,8.6,6,51,4,52.9,3,5.35,5.25,47.4,34,5,7,NULL,6.5,0.717,6,39.69,1,3.857,18,0.758,-1.088,5,7,30,7,6,NULL,4,4,2.871,NULL,NULL,7.4,-1.878,3,4,6,0,2.372,NULL,4,49.9,475,"Nigeria","Buhari",2020,9,1,78,1,1,65,"Presidential Democracy",0,0,0,0,0,0,0,0,0,0,0,0,0,0,0,0,0,0,4.204693,4.204693,5.560682,1,0,0,2.18712217237393,0.0011126980999999999,0.62559164
"Norway",1.1,0.8,12,8,NULL,NULL,1,NULL,NULL,NULL,NULL,NULL,NULL,8.023,NULL,0.961,NULL,7.6,100,NULL,2,0.01,1.869,1,NULL,90,NULL,NULL,7.8,NULL,NULL,1.504,8.087,NULL,41.717,1.2,NULL,NULL,NULL,2,3.781,7.383,NULL,NULL,385,"Norway","Solberg",2020,9,1,59,0,0,84,"Parliamentary Democracy",0,0,0,0,0,0,0,0,0,0,0,0,0,0,0,0,0,0,3.6109178,4.4426513,7.395721400000001,0,0,0,1.0944538215142,0.00011346553,0.040986046
"Oman",7.7,6.8,2,71,3,NULL,6,3,2,NULL,NULL,2,2,NULL,1.5,0.398,2,40.46,23,5.857,5,0.206,0.192,2,2,55,2,1,NULL,5.5,6,1.922,NULL,NULL,0,0.76,5,1,1,1,0.223,NULL,5,NULL,698,"Oman","Haitham ibn Tariq",2020,9,0,66,1,0,9,"Monarchy",0,0,0,0,0,0,0,0,0,0,0,0,0,0,0,0,0,0,8.1155205,8.1155205,8.1155205,0,0,0,1.6489437450587698,0.00033593269999999996,0.25563917
"Palau",NULL,NULL,10,15,NULL,NULL,1,NULL,NULL,NULL,NULL,NULL,NULL,NULL,NULL,NULL,NULL,NULL,100,NULL,NULL,NULL,-0.402,NULL,NULL,NULL,NULL,NULL,NULL,NULL,NULL,NULL,NULL,NULL,NULL,0.95,NULL,NULL,NULL,2,NULL,NULL,NULL,NULL,986,"Palau","Tommy Remengesau",2020,9,1,64,1,0,93,"Presidential Democracy",1,0,0,1,0,0,0,0,0,0,0,0,0,0,0,0,0,0,3.8501475,4.553877,6.1675167,0,0,0,0.19762128757055603,0.00026110335999999997,0.17538168
"Panama",4.3,3.2,8,41,7,NULL,2,7.3,6,NULL,NULL,7,5,NULL,7.75,0.821,8,32.12,100,6.929,3,0.594,0.186,1,8,30,8,7,NULL,6,6,1.822,NULL,NULL,31.854,0.411,5.5,7,7,2,2.724,NULL,6,NULL,95,"Panama","Laurentino Cortizo",2020,9,1,67,1,0,15,"Presidential Democracy",0,0,0,0,0,0,0,0,0,0,0,0,0,0,0,0,0,0,2.8332132999999997,2.8332132999999997,5.583496,0,0,0,-0.39435559905508005,0.00031367247000000005,0.23342128
"Papua New Guinea",7.6,6.8,4,29,6,NULL,3,6.3,5.75,NULL,NULL,6,7,NULL,7.75,0.494,7,25.07,1,4.857,11,0.642,-0.737,2,9,20,6,6,NULL,3.5,4,2.065,NULL,NULL,39.963,-0.505,3.5,4,8,2,2.612,NULL,3,NULL,910,"Papua New Guinea","James Marape",2020,9,1,49,1,0,17,"Parliamentary Democracy",0,0,0,0,0,0,0,0,0,0,0,0,0,0,0,0,0,0,3.6888794999999996,5.393627599999999,5.075174,0,0,0,0.0211998859039014,0.0006421058,0.46207866
"Paraguay",5.9,7,5,59,6,NULL,3,6.45,5.5,NULL,NULL,6,5,NULL,7.5,0.758,6,35.64,100,6.036,9,0.796,-0.792,1,8,30,8,7,NULL,5,5,1.956,NULL,NULL,18.615,0.142,4.5,7,6,2,1.773,NULL,5,NULL,150,"Paraguay","Benitez",2020,9,1,49,1,1,26,"Presidential Democracy",0,0,0,0,0,0,0,0,0,0,0,0,0,0,0,0,0,0,3.4011974,4.4998097,5.9322453,0,0,0,-1.2634175656714601,0.00040239727,0.3138636
"Peru",4.3,7.2,7,45,6,NULL,2,6.6,6.5,NULL,NULL,6,6,NULL,7.75,0.827,7,30.98,100,7.107,6,0.48,-0.179,2,8,40,7,8,NULL,5.5,5,1.985,NULL,NULL,28.781,-0.202,5.5,4,8,2,2.924,NULL,6,NULL,135,"Peru","Martin Vizcarra Cornejo",2020,9,0,57,1,0,31,"Presidential Democracy",0,0,0,0,0,0,0,0,0,0,0,0,0,0,0,0,0,0,3.9512436,3.9512436,5.4467373,0,0,0,0.501783549742802,0.00048521382000000005,0.37033233
"Philippines",6.6,7,7,44,4,NULL,3,6.3,5.5,NULL,28,7,7,NULL,6.75,0.882,7,41.08,100,6.643,12,0.659,-0.01,5,8,30,7,6,NULL,6,7,2.518,NULL,NULL,25.868,-1.38,6,4,6,0,2.42,NULL,5,NULL,840,"Philippines","Rodrigo Duterte",2020,9,1,75,1,0,52,"Presidential Democracy",0,0,0,0,0,0,0,0,0,0,0,0,0,0,0,0,0,0,3.9702919000000003,3.9702919000000003,5.8318825,3,0,0,0.37404268923721096,0.0006331176,0.45770489999999997
"Poland",3.2,3.3,9,34,9,NULL,1,8.55,8,NULL,NULL,8,7,5.336,9.25,0.915,8,26.47,100,8.607,0,0.121,0.707,2,9,65,10,8,7.8,8.5,8,1.688,7.475,NULL,26.255,0.507,7,7,8,2,3.445,5.721,9,NULL,290,"Poland","Duda",2020,9,1,48,1,0,62,"Presidential Democracy",0,0,0,0,0,0,1,0,1,1,0,1,0,1,0,0,1,1,1.0986122999999999,4.1743875,5.880533,0,0,0,0.140562370944415,0.00016559301,0.078317024
"Portugal",1.8,1.6,11,17,NULL,NULL,1,NULL,NULL,NULL,NULL,NULL,NULL,5.694,NULL,0.932,NULL,15.77,100,NULL,0,0.143,1.21,2,NULL,70,NULL,NULL,7.2,NULL,NULL,1.273,7.437,NULL,26.539,0.974,NULL,NULL,NULL,2,3.639,6.062,NULL,NULL,235,"Portugal","de Sousa",2020,9,1,71,1,0,55,"Presidential Democracy",1,0,0,1,0,0,0,0,0,0,0,0,0,0,0,0,0,0,4.0430512,5.17615,6.2766433,0,0,0,0.560952547388948,0.00021677541,0.12534009
"Qatar",6.3,6.3,3,70,6,NULL,6,3.733,3.75,NULL,NULL,2,3,NULL,2.25,0.355,2,39.83,17,8.036,3,0.488,0.736,2,2,65,2,2,NULL,6.5,6,1.562,NULL,NULL,0,0.9,7.5,1,4,2,0.283,NULL,7,NULL,694,"Qatar","Khalifah Al Thani",2020,9,0,40,1,0,88,"Monarchy",0,0,0,0,0,0,0,0,0,0,0,0,0,0,0,0,0,0,6.381816000000001,6.381816000000001,6.381816000000001,0,0,0,0.5668277167750129,0.00037770116,0.29408926
"Romania",3.7,5.2,10,38,8,NULL,2,8.15,8.25,NULL,NULL,7,9,4.365,8.5,0.861,8,24.46,100,7.964,4,0.421,-0.169,2,9,35,9,8,5.4,7,7,1.616,NULL,NULL,22.514,0.277,7,7,7,2,2.197,NULL,7,NULL,360,"Romania","Iohannis",2020,9,1,61,1,0,70,"Parliamentary Democracy",0,0,0,0,0,0,0,0,0,0,0,0,0,0,0,0,0,0,2.3978952999999996,4.2626800000000005,4.59512,0,0,0,-0.278556331000497,0.00022448169,0.13373853
"Russia",9.2,8.5,2,83,5,NULL,7,4.55,4.25,NULL,66,3,4,NULL,3.5,0.765,3,49.45,1,6.071,9,0.768,-0.197,4,3,20,4,3,NULL,6,6,3.117,6.174,NULL,13.3,-0.946,5,4,4,0,0.545,4.405,6,NULL,365,"Russia","Putin",2020,9,1,68,1,0,249,"Personal Dictatorship",0,0,0,0,0,0,1,0,0,0,1,1,0,1,0,0,1,1,1.0986122999999999,5.8636312,1.0986122999999999,1,0,0,1.3590054985178701,0.00031985086,0.23955071
"Rwanda",7.2,7.1,5,79,3,51.7,6,3.883,3.75,62.8,53,2,4,NULL,2.5,0.847,2,54.11,1,5.714,16,0.346,0.098,3,3,30,2,3,NULL,6,6,2.132,NULL,NULL,7.219,-0.055,6,3,3,0,2.516,NULL,6,65.3,517,"Rwanda","Paul Kagame",2020,9,1,63,1,1,315,"Party-Military",0,0,0,0,0,0,0,0,0,0,0,0,0,0,0,0,0,0,3.637586,6.5638556,4.060443,1,0,0,4.023225786185701,0.0029186948999999998,0.8252446
"Samoa",4.1,5.5,9,29,NULL,NULL,2,NULL,NULL,NULL,NULL,NULL,NULL,NULL,NULL,NULL,NULL,16.41,100,NULL,NULL,NULL,0.541,NULL,NULL,60,NULL,NULL,NULL,NULL,NULL,NULL,NULL,NULL,18.368,1.197,NULL,NULL,NULL,2,NULL,NULL,NULL,NULL,990,"Samoa","Tuilaepa Sailele Malielegaoi",2020,9,1,75,1,0,262,"Parliamentary Democracy",1,0,1,0,0,0,0,0,0,0,0,0,0,0,0,0,0,0,4.0073333,5.971262,6.559614999999999,0,0,0,0.7497256159289559,0.00020269894,0.11128451
"San Marino",NULL,NULL,11,17,NULL,NULL,1,NULL,NULL,NULL,NULL,NULL,NULL,NULL,NULL,NULL,NULL,NULL,NULL,NULL,NULL,NULL,NULL,NULL,NULL,NULL,NULL,NULL,NULL,NULL,NULL,NULL,NULL,NULL,NULL,0.95,NULL,NULL,NULL,2,NULL,NULL,NULL,NULL,331,"San Marino","Mancini and Zafferani",2020,9,0,57,1,0,6,"Parliamentary Democracy",0,0,0,0,0,0,0,0,0,0,0,0,0,0,0,0,0,0,2.3025851000000004,2.3025851000000004,8.525161,0,0,0,0.840925411449413,0.000048761776,0.017710654
"Sao Tome and Principe",3.3,5.6,9,28,NULL,64.6,2,NULL,NULL,66.5,NULL,NULL,NULL,NULL,NULL,0.857,NULL,NULL,100,NULL,NULL,0.289,-0.672,NULL,NULL,25,NULL,NULL,NULL,NULL,NULL,NULL,NULL,NULL,19.918,0.223,NULL,NULL,NULL,2,2.329,NULL,NULL,94.9,403,"Sao Tome and Principe","Carvalho",2020,9,1,78,1,0,49,"Parliamentary Democracy",0,0,0,0,0,0,0,0,0,0,0,0,0,0,0,0,0,0,3.9120230000000005,3.9120230000000005,5.872118,0,0,0,-0.312473924730091,0.00036846029999999997,0.2861631
"Saudi Arabia",9.1,8,1,86,2,NULL,7,2.567,2.25,NULL,72,1,2,NULL,1.5,0.272,1,66.02,17,5.964,8,0.464,0.261,4,2,40,1,1,NULL,5,3,2.346,NULL,NULL,0,-0.465,4,1,2,0,0.396,NULL,7,NULL,670,"Saudi Arabia","Salman",2020,9,0,85,1,0,69,"Monarchy",0,0,0,0,0,0,0,0,0,0,0,0,0,0,0,0,0,0,7.0219765,7.0219765,7.0219765,0,0,0,0.17733433759613398,0.00033777044,0.2574667
"Senegal",6,4.7,8,47,7,68.7,2,7.1,6.25,65.4,NULL,7,6,NULL,8,0.867,9,26.72,100,5.25,10,0.292,-0.454,2,8,40,8,6,NULL,5,5,1.941,NULL,NULL,9.404,-0.218,4,4,8,1,2.786,NULL,5,76,433,"Senegal","Macky Sall",2020,9,1,59,1,0,102,"Presidential Democracy",0,0,0,0,0,0,0,0,0,0,0,0,0,0,0,0,0,0,2.9957323,4.0073333,4.0073333,0,0,0,2.49761549041769,0.0008148341,0.53763384
"Serbia",4.4,5.2,7,49,8,NULL,3,7.7,6.75,NULL,NULL,7,6,NULL,8.25,0.828,8,28.05,NULL,7.107,3,0.718,0.08,1,9,50,8,7,NULL,7,7,1.88,NULL,NULL,27.707,0.14,7,7,7,2,2.328,NULL,7,NULL,345,"Serbia","Ana Brnabic",2020,9,0,45,0,0,40,"Parliamentary Democracy",0,0,0,0,0,0,0,0,0,0,0,0,0,0,0,0,0,1,3.988984,4.3694477,5.0039463,0,0,0,0.101079480695431,0.00021919647,0.1281122
"Seychelles",3.8,5.5,7,49,NULL,68.6,3,NULL,NULL,72.8,NULL,NULL,NULL,NULL,NULL,0.839,NULL,30.86,1,NULL,NULL,0.216,0.37,NULL,NULL,50,NULL,NULL,NULL,NULL,NULL,NULL,NULL,NULL,33.513,0.733,NULL,NULL,NULL,2,2.012,NULL,NULL,99.9,591,"Seychelles","Danny Faure",2020,9,0,58,1,0,48,"Dominant Party",1,0,0,1,0,0,0,0,0,0,0,0,0,0,0,0,0,0,4.060443,5.7930136,5.789960400000001,0,0,0,0.718604479054179,0.00048112830000000004,0.3676732
"Sierra Leone",5.3,6.9,7,54,6,63,3,6.15,4.75,59.8,NULL,6,5,NULL,6.75,0.824,7,30.73,100,4.143,13,0.824,-1.171,2,6,10,8,4,NULL,3,3,1.751,NULL,NULL,18.378,-0.16,3.5,6,6,1,1.953,NULL,3,87.6,451,"Sierra Leone","Julius Maada Bio",2020,9,1,56,1,1,30,"Presidential Democracy",0,0,0,0,0,0,0,0,0,0,0,0,0,0,0,0,0,0,3.4339871,3.4339871,5.398162999999999,0,0,0,0.527390356225004,0.0038591507000000002,0.8693004999999999
"Singapore",4.6,3.9,7,67,6,NULL,4,5.417,5.75,NULL,41,3,5,NULL,3.5,0.851,2,51.1,1,8.893,2,0.017,2.206,2,3,90,5,3,NULL,8,8,1.4,NULL,NULL,12.224,1.496,9,7,3,1,3.474,NULL,8,NULL,830,"Singapore","Lee Hsien Loong",2020,9,1,68,1,0,194,"Dominant Party",0,0,0,0,0,0,1,1,0,1,0,1,0,1,0,0,1,0,1.0986122999999999,6.496775,6.496775,0,0,0,0.0052022734095495396,0.00014675381999999999,0.06317313
"Slovakia",2.5,4.3,9,26,9,NULL,1,8.6,8,NULL,NULL,8,8,5.11,9.75,0.922,8,15.51,100,8.571,1,0.332,0.894,1,10,50,10,8,8.4,8.5,8,1.627,NULL,NULL,31.367,0.721,6.5,6,9,2,3.554,NULL,9,NULL,317,"Slovakia","Matovic",2020,9,1,47,1,0,7,"Parliamentary Democracy",0,0,0,0,0,0,0,0,0,0,0,0,0,0,0,0,0,0,2.0794415,4.634729,5.811141,0,0,0,0.587062155615939,0.00016672560000000002,0.07925133
"Slovenia",1.5,2.7,11,23,9,NULL,1,9.25,9.25,NULL,NULL,10,9,6.294,9.5,0.945,10,21.7,100,9.107,0,0.24,1.127,1,10,60,10,10,8.8,9,9,1.373,7.477,NULL,19.453,0.99,9,7,8,2,3.284,6.037,9,NULL,349,"Slovenia","Jansa",2020,9,0,62,1,0,7,"Parliamentary Democracy",0,0,0,0,0,0,0,0,0,0,0,0,0,0,0,0,0,0,4.317488,4.317488,5.8493247,0,0,0,0.9000136106430291,0.00016039288,0.07371739
"Solomon Islands",5.2,6.8,5,27,NULL,NULL,3,NULL,NULL,NULL,NULL,NULL,NULL,NULL,NULL,0.496,NULL,NULL,100,NULL,9,0.616,-0.985,NULL,NULL,30,NULL,NULL,NULL,NULL,NULL,NULL,NULL,NULL,28.012,0.506,NULL,NULL,NULL,2,3.17,NULL,NULL,NULL,940,"Solomon Islands","Sogavare",2020,9,1,65,1,0,18,"Parliamentary Democracy",0,0,0,0,0,0,0,0,0,0,0,0,0,0,0,0,0,0,4.2626800000000005,4.2626800000000005,6.2304816,0,0,0,0.8953314746291441,0.00026468746,0.17923182
"Somalia",9.5,9.3,0,79,1,14.7,7,1.433,1,10.9,NULL,1,1,NULL,1.5,0.496,1,65.95,1,1.25,20,0.92,-2.191,5,2,6.8,1,1,NULL,1,1,3.347,NULL,NULL,0,-2.357,1,1,2,1,1.557,NULL,1,17.1,520,"Somalia","Mohamed Abdullahi Farmajo",2020,9,1,58,1,0,45,"Provisional - Civilian",1,0,0,1,1,0,0,0,0,0,0,0,0,0,0,0,0,0,3.7841897000000007,3.7841897000000007,3.7841897000000007,2,0,0,0.612475406390303,0.0026365003999999997,0.81037796
"South Africa",4.2,6.5,7,38,8,73.4,2,7.6,7.5,68.3,25,8,9,NULL,7.5,0.844,8,20.12,100,6.321,8,0.354,0.306,3,7,50,8,7,NULL,6,6,2.336,NULL,3.37,13.073,-0.142,6,7,7,0,3.483,NULL,6,84.6,560,"South Africa","Ramaphosa",2020,9,0,68,1,0,32,"Parliamentary Democracy",0,0,0,0,0,0,0,0,0,0,0,0,0,0,0,0,0,0,2.8332132999999997,5.7620515999999995,5.7620515999999995,0,0,0,-0.194736342281672,0.00085765455,0.55193585
"South Sudan",9.5,10,0,70,2,22.2,7,2.617,2.25,14.1,NULL,2,3,NULL,2,0.478,1,48.16,19,1.929,23,0.914,-2.353,5,3,NULL,1,2,NULL,2.5,3,3.462,NULL,NULL,NULL,-2.419,1,2,3,0,0.715,NULL,2,17.9,626,"South Sudan","Kiir",2020,9,0,69,1,1,111,"Personal Dictatorship",0,0,0,0,0,0,0,0,0,0,0,0,0,0,0,0,0,0,4.7184987000000005,4.7184987000000005,4.7184987000000005,0,0,0,0.43888947578943105,0.0010444209,0.60729575
"Spain",1.8,2.8,10,28,NULL,NULL,1,NULL,NULL,NULL,NULL,NULL,NULL,5.99,NULL,0.935,NULL,18.69,100,NULL,0,0.079,1.116,2,NULL,70,NULL,NULL,7.2,NULL,NULL,1.552,7.747,NULL,34.827,0.413,NULL,NULL,NULL,2,3.603,6.557,NULL,NULL,230,"Spain","Sanchez",2020,9,1,48,1,0,28,"Parliamentary Democracy",0,0,0,0,0,0,0,0,0,0,0,0,0,0,0,0,0,0,2.3978952999999996,4.6728287,2.3978952999999996,0,0,0,0.7843910938227471,0.00031300432999999996,0.23284633
"Sri Lanka",8.3,6.9,7,61,5,NULL,3,6.55,6,NULL,43,6,7,NULL,7.25,0.773,6,44.34,1,6.679,11,0.458,-0.026,3,7,40,8,7,NULL,6.5,6,1.98,NULL,NULL,29.424,-0.004,5,6,7,0,2.59,NULL,7,NULL,780,"Sri Lanka","G. Rajapakse",2020,9,1,71,1,1,11,"Presidential Democracy",0,0,0,0,0,0,0,0,0,0,0,0,0,0,0,0,0,0,2.3978952999999996,2.3978952999999996,5.7960577,0,0,0,0.519590746409045,0.0003770081,0.29335004
"St Kitts and Nevis",NULL,NULL,10,21,NULL,NULL,1,NULL,NULL,NULL,NULL,NULL,NULL,NULL,NULL,NULL,NULL,NULL,100,NULL,NULL,NULL,0.142,NULL,NULL,NULL,NULL,NULL,NULL,NULL,NULL,NULL,NULL,NULL,34.625,0.626,NULL,NULL,NULL,2,NULL,NULL,NULL,NULL,60,"St Kitts and Nevis","Harris",2020,9,1,56,1,0,68,"Parliamentary Democracy",0,0,0,0,0,0,1,1,0,1,0,1,0,1,0,0,1,0,1.3862944,4.2195077,6.100319,0,0,0,-0.780774277444193,0.0001526544,0.06750583
"St Lucia",NULL,NULL,11,17,NULL,NULL,1,NULL,NULL,NULL,NULL,NULL,NULL,NULL,NULL,NULL,NULL,NULL,100,NULL,NULL,NULL,0.028,NULL,NULL,70,NULL,NULL,NULL,NULL,NULL,NULL,NULL,NULL,21.43,1.019,NULL,NULL,NULL,2,NULL,NULL,NULL,NULL,56,"St Lucia","Chastanet",2020,9,1,59,1,0,52,"Parliamentary Democracy",0,0,0,0,0,0,0,0,0,0,0,0,0,0,0,0,0,0,3.9512436,3.9512436,6.216606,0,0,0,-0.780774277444193,0.00024614582,0.15833838
"Suriname",4.6,5,8,28,NULL,NULL,2,NULL,NULL,NULL,NULL,NULL,NULL,NULL,NULL,0.866,NULL,16.07,100,NULL,6,0.281,-0.338,1,NULL,30,NULL,NULL,NULL,NULL,NULL,NULL,NULL,NULL,22.951,0.162,NULL,NULL,NULL,2,3.147,NULL,NULL,NULL,115,"Suriname","Bouterse",2020,9,1,75,1,1,122,"Parliamentary Democracy",0,0,0,0,0,0,0,0,0,0,0,0,0,0,0,0,0,0,4.1743875,4.828314,5.866468,0,0,0,-1.4905513396477499,0.0003092541,0.22898592
"Sweden",1.1,1,12,11,NULL,NULL,1,NULL,NULL,NULL,NULL,NULL,NULL,7.53,NULL,0.94,NULL,8.27,100,NULL,0,0.012,1.774,1,NULL,90,NULL,NULL,8.6,NULL,NULL,1.489,7.85,NULL,44.63,1.018,NULL,NULL,NULL,2,3.865,6.73,NULL,NULL,380,"Sweden","Lofven",2020,9,1,63,1,0,72,"Parliamentary Democracy",0,0,0,0,0,0,0,0,0,0,0,0,0,0,0,0,0,0,3.218876,4.2904596,7.107425,0,0,0,0.80565954342263,0.00013062442,0.05122229
"Switzerland",1.8,1,12,13,NULL,NULL,1,NULL,NULL,NULL,NULL,NULL,NULL,6.985,NULL,0.943,NULL,12.13,100,NULL,1,0.019,2.009,1,NULL,90,NULL,NULL,8.2,NULL,NULL,1.369,8.168,NULL,35.728,1.306,NULL,NULL,NULL,2,3.708,7.232,NULL,NULL,225,"Switzerland","Sommaruga",2020,9,0,60,0,0,9,"Parliamentary Democracy",0,0,0,0,0,0,0,0,0,0,0,0,0,0,0,0,0,0,2.4849067000000002,5.3181199999999995,7.6328854999999995,0,0,0,0.346781653927214,0.00011202431,0.040359757999999996
"Syria",9.8,9.9,0,90,1,NULL,7,1.75,1.5,NULL,86,1,2,NULL,1.75,0.416,1,81.49,19,1.393,15,0.913,-1.819,5,2,10,2,2,NULL,1,1,3.66,NULL,NULL,9.945,-2.916,1.5,2,2,0,0.26,NULL,1,NULL,652,"Syria","Bashar al-Assad",2020,9,1,55,1,0,244,"Party-Personal-Military Hybrid",0,0,0,0,0,0,0,0,0,0,0,0,0,0,0,0,0,0,4.3307332999999995,4.6151204,4.6151204,1,0,0,0.52210833446727,0.0004992092,0.38030165
"Tajikistan",8.2,9.1,1,87,2,NULL,7,2.983,2,NULL,NULL,1,2,NULL,1.75,0.528,1,50.27,1,3.643,11,0.933,-1.027,3,2,20,1,2,NULL,4.5,5,2.264,NULL,NULL,11.899,-0.778,3,2,2,1,1.67,NULL,4,NULL,702,"Tajikistan","Rakhmonov",2020,9,1,68,1,0,335,"Personal Dictatorship",1,0,0,1,0,0,0,0,0,0,0,0,0,0,0,0,0,0,3.9702919000000003,5.8607864,3.9702919000000003,0,0,0,0.189152954714364,0.0008480669000000001,0.5488968000000001
"Tanzania",5.9,5.9,7,58,6,63.3,3,6.1,5.5,62.4,NULL,6,6,NULL,6.5,0.805,6,30.65,1,4.929,10,0.527,-0.546,3,6,25,6,6,NULL,4,4,1.825,NULL,NULL,11.108,-0.441,3,6,6,0,2.637,NULL,4,91.3,510,"Tanzania","Magufuli",2020,9,1,61,1,0,59,"Dominant Party",1,0,0,1,0,0,0,0,0,0,0,0,0,0,0,0,0,0,4.0943446,6.519147,6.543912000000001,0,0,0,3.1303243002196606,0.0007286655,0.50339323
"Thailand",8,7.5,3,77,3,NULL,6,3.25,3,NULL,67,1,3,NULL,1.5,0.669,1,44.69,4,6.179,5,0.81,0.342,3,2,40,1,2,NULL,5,4,2.285,NULL,3.428,17.183,-0.989,6,3,2,0,2.931,NULL,6,NULL,800,"Thailand","Prayuth Chan-ocha",2020,9,1,66,1,1,77,"Military",0,0,0,0,0,0,0,0,0,0,0,0,0,0,0,0,0,0,2.944439,4.7095304,2.944439,1,0,0,-0.970978682845442,0.0008437253,0.5472849
"Togo",6.7,7.8,5,57,5,52.6,4,5.067,4.25,57.2,NULL,3,4,NULL,4.75,0.807,3,30.75,1,4.714,13,0.808,-1.069,3,6,30,5,4,NULL,3.5,4,1.954,NULL,NULL,14.235,-0.172,4,4,5,1,2.099,NULL,3,89.3,461,"Togo","Faure Gnassingbe",2020,9,1,54,1,0,185,"Personal Dictatorship",0,0,0,0,0,0,0,0,0,0,0,0,0,0,0,0,0,0,2.0794415,5.820083,5.786897,0,0,0,0.934121588270439,0.0024151169,0.79718477
"Tonga",NULL,NULL,7,30,NULL,NULL,2,NULL,NULL,NULL,NULL,NULL,NULL,NULL,NULL,NULL,NULL,24.97,100,NULL,NULL,NULL,-0.282,NULL,NULL,25,NULL,NULL,NULL,NULL,NULL,NULL,NULL,NULL,4.367,0.918,NULL,NULL,NULL,2,NULL,NULL,NULL,NULL,955,"Tonga","Tu'I'onetoa",2020,9,0,59,1,0,12,"Monarchy",0,0,0,0,0,0,0,0,0,0,0,0,0,0,0,0,0,0,6.405228599999999,6.405228599999999,6.405228599999999,0,0,0,0.7497256159289574,0.00016924692,0.08186942
"Trinidad and Tobago",4.1,4.5,9,25,8,NULL,2,8.45,7.25,NULL,NULL,9,8,NULL,9.25,0.903,10,20.62,100,6.536,4,0.101,0.228,2,9,50,10,8,NULL,6.5,6,2.089,NULL,NULL,26.096,0.286,6,7,9,2,2.9,NULL,7,NULL,52,"Trinidad and Tobago","Rowley",2020,9,1,71,1,0,61,"Parliamentary Democracy",0,0,0,0,0,0,1,1,0,1,0,1,0,1,0,0,1,0,0.6931472,4.1108737,6.549651,0,0,0,-0.617629909642926,0.00018554778999999998,0.0956786
"Tunisia",6.5,6.5,9,54,6,69.2,1,6.5,5.75,59.2,38,5,6,NULL,7.5,0.899,7,32.22,100,6.036,4,0.246,-0.229,3,7,40,9,7,NULL,6,6,1.976,NULL,3.935,16.516,-1.141,6,5,6,0,3.06,NULL,6,75.9,616,"Tunisia","Saied",2020,9,1,62,1,0,12,"Presidential Democracy",0,0,0,0,0,0,0,0,0,0,0,0,0,0,0,0,0,0,2.4849067000000002,2.4849067000000002,2.4849067000000002,0,0,0,0.40938277887809,0.0008294657000000001,0.5426441999999999
"Turkey",7.7,7.6,3,76,4,NULL,4,5.55,4.25,NULL,66,5,4,4.737,6,0.472,5,52.98,1,6.786,9,0.756,0.048,4,4,40,7,4,4.4,7,7,2.802,NULL,NULL,22.163,-2.009,5,6,4,0,1.079,NULL,7,NULL,640,"Turkey","Erdogan",2020,9,1,66,1,0,211,"Party-Personal",0,0,0,0,0,0,0,0,0,0,0,0,0,0,0,0,0,0,3.7376697,5.370638,3.7376697,3,0,0,-0.30902112819027194,0.0007957823,0.5305188
"Turkmenistan",8.7,9.7,0,98,2,NULL,7,2.85,2.25,NULL,NULL,1,2,NULL,1,0.517,1,84.19,8,3.429,9,0.94,-1.127,3,1,5,1,2,NULL,3.5,3,2.256,NULL,NULL,1.657,-0.19,3.5,2,1,0,0.103,NULL,4,NULL,701,"Turkmenistan","Berdymukhammedov",2020,9,1,63,1,0,166,"Party-Personal",0,0,0,0,0,0,0,0,0,0,0,0,0,0,0,0,0,0,3.7841897000000007,5.888878,5.099866400000001,0,0,0,1.0020237941799701,0.00042597507000000003,0.33097875
"Tuvalu",NULL,NULL,10,27,NULL,NULL,1,NULL,NULL,NULL,NULL,NULL,NULL,NULL,NULL,NULL,NULL,NULL,NULL,NULL,NULL,NULL,-0.926,NULL,NULL,NULL,NULL,NULL,NULL,NULL,NULL,NULL,NULL,NULL,NULL,1.413,NULL,NULL,NULL,2,NULL,NULL,NULL,NULL,947,"Tuvalu","Natano",2020,9,1,63,1,0,13,"Parliamentary Democracy",0,0,0,0,0,0,0,0,0,0,0,0,0,0,0,0,0,0,2.5649493,2.5649493,5.010635400000001,0,0,0,0.7497256159289574,0.00006979976,0.024384233999999998
"Uganda",7.8,8.6,3,58,6,57,6,5.433,5.5,57.8,41,3,7,NULL,4.5,0.836,3,35.94,1,5.893,16,0.736,-0.571,3,5,25,5,5,NULL,5,6,2.179,NULL,NULL,9.177,-0.715,5,7,5,0,3.002,NULL,4,84.2,500,"Uganda","Museveni",2020,9,1,76,1,0,417,"Personal Dictatorship",1,0,0,1,0,0,0,0,0,0,0,0,0,0,0,0,0,0,4.0253515,5.209486,5.209486,0,0,0,3.15608098399301,0.0008956297,0.56402016
"Ukraine",6.2,8.2,6,53,7,NULL,3,6.9,6.25,NULL,45,7,6,NULL,7.5,0.806,8,33.19,1,6.179,9,0.796,-0.572,4,9,25,8,7,NULL,6.5,7,3.213,NULL,NULL,23.521,-1.856,5.5,4,7,1,1.649,NULL,6,NULL,369,"Ukraine","Zelensky",2020,9,1,42,1,0,17,"Presidential Democracy",0,0,0,0,0,0,0,0,0,0,0,0,0,0,0,0,0,0,2.944439,2.944439,5.846439,1,0,0,0.0173842431817876,0.0021508425,0.77894026
"United Arab Emirates",7.8,6.7,2,78,4,NULL,6,4,4,NULL,69,3,3,NULL,2,0.547,2,39.39,17,8.143,4,0.11,1.416,3,2,55,2,2,NULL,8,8,1.883,NULL,NULL,0,0.565,7.5,1,3,0,0.348,NULL,8,NULL,696,"United Arab Emirates","Khalifa Al Nahayan",2020,9,0,72,1,0,191,"Monarchy",0,0,0,0,0,0,0,0,0,0,0,0,0,0,0,0,0,0,6.381816000000001,6.381816000000001,6.381816000000001,1,0,0,1.37056077366144,0.0005816108,0.43025082
"Uruguay",2.8,1,12,24,10,NULL,1,9.95,10,NULL,NULL,10,10,NULL,10,0.899,10,17.43,100,8.429,2,0.052,0.574,1,10,70,10,10,NULL,9,9,1.703,NULL,NULL,30.203,1.063,7.5,10,10,2,3.638,NULL,9,NULL,165,"Uruguay","Luis Pou",2020,9,0,47,1,0,7,"Presidential Democracy",0,0,0,0,0,0,0,0,0,0,0,0,0,0,0,0,0,0,2.4849067000000002,5.257495400000001,6.066108,0,0,0,-0.333431218054341,0.0002566542,0.1697348
"Uzbekistan",9.2,9.5,0,95,2,NULL,7,3.167,2.25,NULL,77,1,2,NULL,2.25,0.554,1,66.11,8,4.286,11,0.846,-0.577,3,3,15,2,2,NULL,4.5,5,2.117,NULL,NULL,6.421,-0.273,5,2,2,1,0.345,NULL,4,NULL,704,"Uzbekistan","Shavkat Mirziyoyev",2020,9,1,63,1,0,49,"Party-Personal",0,0,0,0,0,0,0,0,0,0,0,0,0,0,0,0,0,0,3.8286413999999995,5.908083,3.8286413999999995,0,0,0,0.0705027727504109,0.00050041405,0.38109222
"Vanuatu",NULL,NULL,7,25,NULL,NULL,2,NULL,NULL,NULL,NULL,NULL,NULL,NULL,NULL,0.719,NULL,NULL,100,NULL,NULL,0.444,-0.88,NULL,NULL,40,NULL,NULL,NULL,NULL,NULL,NULL,NULL,NULL,29.19,0.513,NULL,NULL,NULL,2,3.296,NULL,NULL,NULL,935,"Vanuatu","Loughman",2020,9,1,59,1,0,6,"Parliamentary Democracy",0,0,0,0,0,0,1,1,0,1,0,1,0,1,0,0,1,0,1.9459101000000003,4.0430512,6.1800165,0,0,0,0.207672002872908,0.00020359473,0.11215721
"Venezuela",8.9,8.5,0,81,4,NULL,6,3.8,2.5,NULL,63,3,2,NULL,3.75,0.792,2,42.94,1,3.143,11,0.763,-1.286,3,4,5,4,2,NULL,5.5,6,2.608,NULL,NULL,26.122,-1.025,3.5,3,4,0,2.78,NULL,5,NULL,101,"Venezuela","Nicolas Maduro",2020,9,1,58,1,0,91,"Personal Dictatorship",0,0,0,0,0,0,0,0,0,0,0,0,0,0,0,0,0,0,3.3672957,5.0369525,3.6635616,0,0,0,-1.21685860506203,0.0034779904,0.8527603000000001
"Vietnam",7.4,8.3,2,84,4,NULL,7,3.35,2.75,NULL,76,1,2,NULL,1.75,0.831,2,73.96,8,5.464,7,0.468,0.02,3,2,15,2,2,NULL,5,5,1.91,NULL,NULL,3.5,0.234,5,1,1,0,0.969,NULL,5,NULL,816,"Vietnam","Phu Trong",2020,9,0,76,1,0,117,"Dominant Party",0,0,0,0,0,0,0,0,0,0,0,0,0,0,0,0,0,0,3.9702919000000003,6.745236,6.745236,0,0,0,-0.37417999705673205,0.00025810382999999997,0.17143913
"Yemen",9.7,9.7,1,85,1,NULL,7,1.8,2,NULL,NULL,1,3,NULL,2,0.26,1,65.8,19,1.643,21,0.886,-1.825,5,3,30,1,2,NULL,1.5,2,3.316,NULL,3.94,0,-2.795,2,2,3,1,1.026,NULL,1,NULL,679,"Yemen","Houthi",2020,9,0,41,1,1,68,"Warlordism",0,0,0,0,0,0,0,0,0,0,0,0,0,0,0,0,0,0,4.644391000000001,4.644391000000001,4.644391000000001,2,0,0,1.3791974544141299,0.0011449547,0.6339593000000001
"Zambia",7.4,7.7,6,63,5,58.5,4,6,5,67,41,6,5,NULL,6,0.779,6,36.48,100,4.893,12,0.412,-0.66,3,5,30,6,6,NULL,4.5,5,1.78,NULL,NULL,12.05,0.143,3.5,4,5,1,2.815,NULL,4,95.1,551,"Zambia","Lungu",2020,9,1,64,1,0,69,"Presidential Democracy",0,0,0,0,0,0,0,0,0,0,0,0,0,0,0,0,0,0,3.9120230000000005,4.6913480000000005,6.43294,0,0,0,0.792913368924492,0.0010892594000000001,0.61928767
"Zimbabwe",8.2,9.2,3,74,3,42.5,5,3.833,2.75,47.3,56,3,3,NULL,3.25,0.706,2,41.44,1,2.821,17,0.816,-1.158,3,4,10,3,3,NULL,3,3,2.297,NULL,NULL,7.298,-0.62,3.5,4,4,0,2.613,NULL,3,81.3,552,"Zimbabwe","Mnangagwa",2020,9,1,78,1,1,35,"Dominant Party",0,0,0,0,0,0,0,0,0,0,0,0,0,0,0,0,0,0,3.295837,5.5134287,5.5134287,0,0,0,-0.0133694486965359,0.0052309167,0.9179046999999999
